timestamp,machine_id,product_type,air_temp_k,proc_temp_k,rpm,torque_nm,tool_wear_min,prediction,confidence,risk_level,source
2026-05-28 11:21:40,SEED-0,M,300.6,309.44,1554.7,54.68,180.3,HEALTHY,75.7,Medium,SEED
2026-05-28 11:31:40,SEED-1,H,298.63,310.7,1430.7,35.18,64.7,HEALTHY,99.9,Low,SEED
2026-05-28 11:41:40,SEED-2,M,300.48,311.46,1687.7,29.16,97.2,HEALTHY,99.7,Low,SEED
2026-05-28 11:51:40,SEED-3,M,301.82,310.81,1918.6,43.07,86.8,HEALTHY,100.0,Low,SEED
2026-05-28 12:01:40,SEED-4,H,295.21,310.05,1334.0,74.59,201.1,FAULTY,88.7,High,SEED
2026-05-28 12:11:40,SEED-5,H,297.67,312.98,1397.5,67.18,243.6,FAULTY,99.0,High,SEED
2026-05-28 12:21:40,SEED-6,M,298.45,311.72,1579.6,44.05,45.4,HEALTHY,100.0,Low,SEED
2026-05-28 12:31:40,SEED-7,L,300.18,308.36,2105.7,38.09,21.3,HEALTHY,100.0,Low,SEED
2026-05-28 12:41:40,SEED-8,H,298.7,308.13,1497.5,20.13,34.5,HEALTHY,100.0,Low,SEED
2026-05-28 12:51:40,SEED-9,L,302.63,309.25,1436.0,57.72,165.0,FAULTY,78.6,Medium,SEED
2026-05-28 13:01:40,SEED-10,M,300.19,312.93,1241.9,54.15,182.2,HEALTHY,100.0,Medium,SEED
2026-05-28 13:11:40,SEED-11,H,300.08,309.8,1523.7,38.45,84.0,HEALTHY,99.9,Low,SEED
2026-05-28 13:21:40,SEED-12,H,299.88,309.25,1446.5,25.65,76.8,HEALTHY,97.1,Low,SEED
2026-05-28 13:31:40,SEED-13,L,300.69,311.98,1499.7,25.83,9.8,HEALTHY,100.0,Low,SEED
2026-05-28 13:41:40,SEED-14,M,301.53,310.8,1658.9,36.98,86.7,HEALTHY,100.0,Low,SEED
2026-05-28 13:51:40,SEED-15,L,298.12,308.04,2196.7,38.16,37.7,HEALTHY,99.7,Low,SEED
2026-05-28 14:01:40,SEED-16,L,300.08,311.4,1862.5,34.39,14.9,HEALTHY,100.0,Low,SEED
2026-05-28 14:11:40,SEED-17,L,301.5,312.78,1335.3,54.83,188.2,HEALTHY,99.6,Medium,SEED
2026-05-28 14:21:40,SEED-18,L,301.94,310.76,1945.5,40.66,72.6,HEALTHY,99.4,Low,SEED
2026-05-28 14:31:40,SEED-19,L,302.35,311.2,1456.6,46.76,176.6,HEALTHY,97.7,Medium,SEED
2026-05-28 14:41:40,SEED-20,H,301.73,308.79,2116.2,27.69,8.0,HEALTHY,100.0,Low,SEED
2026-05-28 14:51:40,SEED-21,L,300.5,310.76,1556.9,25.78,48.3,HEALTHY,99.9,Low,SEED
2026-05-28 15:01:40,SEED-22,L,299.26,308.15,2188.5,20.04,54.2,HEALTHY,100.0,Low,SEED
2026-05-28 15:11:40,SEED-23,L,302.56,311.73,1204.6,56.64,137.9,FAULTY,53.5,Medium,SEED
2026-05-28 15:21:40,SEED-24,M,300.51,311.5,1684.7,24.51,84.3,HEALTHY,100.0,Low,SEED
2026-05-28 15:31:40,SEED-25,L,295.35,314.09,1280.8,69.0,205.6,FAULTY,99.5,High,SEED
2026-05-28 15:41:40,SEED-26,H,299.65,313.8,1367.7,48.44,176.9,HEALTHY,100.0,Medium,SEED
2026-05-28 15:51:40,SEED-27,L,301.78,308.26,1904.5,29.29,79.5,HEALTHY,100.0,Low,SEED
2026-05-28 16:01:40,SEED-28,L,296.61,308.8,1192.5,75.96,206.6,FAULTY,99.7,High,SEED
2026-05-28 16:11:40,SEED-29,H,300.6,309.88,1304.1,49.28,112.2,HEALTHY,94.2,Medium,SEED
2026-05-28 16:21:40,SEED-30,L,298.79,310.93,1654.3,26.3,0.6,HEALTHY,100.0,Low,SEED
2026-05-28 16:31:40,SEED-31,L,296.5,313.41,1230.5,66.93,240.9,FAULTY,99.5,High,SEED
2026-05-28 16:41:40,SEED-32,L,299.08,309.23,2189.9,20.69,74.2,HEALTHY,98.7,Low,SEED
2026-05-28 16:51:40,SEED-33,L,302.57,312.83,1374.8,52.47,139.5,HEALTHY,97.8,Medium,SEED
2026-05-28 17:01:40,SEED-34,M,298.21,311.59,1497.0,21.34,74.6,HEALTHY,100.0,Low,SEED
2026-05-28 17:11:40,SEED-35,L,300.71,311.65,1903.3,29.6,30.8,HEALTHY,100.0,Low,SEED
2026-05-28 17:21:40,SEED-36,M,298.35,310.97,1619.9,27.76,95.7,HEALTHY,100.0,Low,SEED
2026-05-28 17:31:40,SEED-37,L,302.22,313.86,1374.6,52.35,121.0,HEALTHY,99.9,Medium,SEED
2026-05-28 17:41:40,SEED-38,M,296.86,310.32,1187.7,69.88,205.7,FAULTY,84.6,High,SEED
2026-05-28 17:51:40,SEED-39,L,299.34,309.82,1678.8,20.02,38.4,HEALTHY,99.5,Low,SEED
2026-05-28 18:01:40,SEED-40,M,299.77,311.84,1915.9,21.85,89.0,HEALTHY,100.0,Low,SEED
2026-05-28 18:11:40,SEED-41,M,298.19,308.67,1520.3,36.72,33.1,HEALTHY,100.0,Low,SEED
2026-05-28 18:21:40,SEED-42,M,301.57,310.02,1742.3,39.82,55.0,HEALTHY,100.0,Low,SEED
2026-05-28 18:31:40,SEED-43,L,300.55,311.71,2113.2,21.73,3.9,HEALTHY,100.0,Low,SEED
2026-05-28 18:41:40,SEED-44,H,301.51,311.85,1484.9,55.91,175.8,FAULTY,95.9,Medium,SEED
2026-05-28 18:51:40,SEED-45,M,297.4,311.55,1190.9,69.84,248.6,FAULTY,96.1,High,SEED
2026-05-28 19:01:40,SEED-46,M,298.47,310.72,1700.0,31.96,62.6,HEALTHY,100.0,Low,SEED
2026-05-28 19:11:40,SEED-47,H,296.74,314.23,1236.2,68.13,226.9,FAULTY,90.2,High,SEED
2026-05-28 19:21:40,SEED-48,H,301.46,310.81,1530.9,31.86,58.1,HEALTHY,99.9,Low,SEED
2026-05-28 19:31:40,SEED-49,L,300.25,308.54,2091.7,25.2,16.7,HEALTHY,100.0,Low,SEED
2026-05-28 19:41:40,SEED-50,H,297.39,308.23,1272.5,72.56,211.7,FAULTY,99.9,High,SEED
2026-05-28 19:51:40,SEED-51,H,301.07,311.31,1415.4,49.93,192.1,HEALTHY,74.3,Medium,SEED
2026-05-28 20:01:40,SEED-52,H,301.16,309.48,2012.2,38.59,40.3,HEALTHY,99.7,Low,SEED
2026-05-28 20:11:40,SEED-53,L,301.21,311.37,2072.3,44.45,94.8,HEALTHY,85.9,Low,SEED
2026-05-28 20:21:40,SEED-54,H,299.04,309.6,2093.8,23.17,82.5,HEALTHY,99.2,Low,SEED
2026-05-28 20:31:40,SEED-55,M,301.34,309.42,1499.0,56.7,101.1,HEALTHY,93.6,Medium,SEED
2026-05-28 20:41:40,SEED-56,H,301.41,311.85,2085.0,36.9,7.4,HEALTHY,99.9,Low,SEED
2026-05-28 20:51:40,SEED-57,M,300.37,308.56,2017.8,41.39,37.0,HEALTHY,99.9,Low,SEED
2026-05-28 21:01:40,SEED-58,M,300.96,310.44,1510.4,26.84,50.7,HEALTHY,100.0,Low,SEED
2026-05-28 21:11:40,SEED-59,M,298.24,310.11,1430.3,39.94,79.8,HEALTHY,100.0,Low,SEED
2026-05-28 21:21:40,SEED-60,M,300.83,310.79,1272.9,47.52,143.5,HEALTHY,99.3,Medium,SEED
2026-05-28 21:31:40,SEED-61,L,298.81,311.43,1717.8,32.86,27.9,HEALTHY,100.0,Low,SEED
2026-05-28 21:41:40,SEED-62,L,295.75,312.77,1331.7,66.91,212.9,FAULTY,99.6,High,SEED
2026-05-28 21:51:40,SEED-63,L,295.21,313.37,1272.9,68.82,219.8,FAULTY,99.8,High,SEED
2026-05-28 22:01:40,SEED-64,H,301.65,313.89,1275.5,47.87,116.6,HEALTHY,100.0,Medium,SEED
2026-05-28 22:11:40,SEED-65,H,301.49,311.5,1847.6,31.69,88.8,HEALTHY,99.9,Low,SEED
2026-05-28 22:21:40,SEED-66,M,297.59,315.15,1319.0,71.61,240.8,FAULTY,98.8,High,SEED
2026-05-28 22:31:40,SEED-67,L,302.48,311.18,1304.7,57.43,165.0,FAULTY,91.1,Medium,SEED
2026-05-28 22:41:40,SEED-68,L,300.26,308.35,1869.6,22.23,16.3,HEALTHY,100.0,Low,SEED
2026-05-28 22:51:40,SEED-69,H,299.37,309.83,1948.1,20.67,2.0,HEALTHY,99.8,Low,SEED
2026-05-28 23:01:40,SEED-70,L,299.67,311.09,2028.4,30.77,9.0,HEALTHY,100.0,Low,SEED
2026-05-28 23:11:40,SEED-71,L,301.88,309.88,1840.1,26.98,73.9,HEALTHY,99.9,Low,SEED
2026-05-28 23:21:40,SEED-72,H,301.59,309.12,1736.3,29.06,23.5,HEALTHY,100.0,Low,SEED
2026-05-28 23:31:40,SEED-73,L,301.8,310.99,1580.5,23.33,80.1,HEALTHY,99.9,Low,SEED
2026-05-28 23:41:40,SEED-74,L,298.39,310.0,1892.6,31.82,2.7,HEALTHY,100.0,Low,SEED
2026-05-28 23:51:40,SEED-75,H,301.22,309.4,1490.8,44.66,8.9,HEALTHY,100.0,Low,SEED
2026-05-29 00:01:40,SEED-76,L,295.82,308.93,1357.9,66.71,201.2,FAULTY,99.7,High,SEED
2026-05-29 00:11:40,SEED-77,L,300.26,311.13,1390.8,53.24,111.8,HEALTHY,83.2,Medium,SEED
2026-05-29 00:21:40,SEED-78,L,300.38,308.32,2094.6,26.55,63.8,HEALTHY,100.0,Low,SEED
2026-05-29 00:31:40,SEED-79,H,301.89,309.66,1427.9,25.08,56.5,HEALTHY,99.6,Low,SEED
2026-05-29 00:41:40,SEED-80,L,300.49,311.67,1842.1,24.54,98.9,HEALTHY,99.9,Low,SEED
2026-05-29 00:51:40,SEED-81,M,301.19,308.2,2048.5,39.84,33.9,HEALTHY,100.0,Low,SEED
2026-05-29 01:01:40,SEED-82,H,296.52,308.24,1224.6,65.19,246.4,FAULTY,97.3,High,SEED
2026-05-29 01:11:40,SEED-83,H,300.94,309.36,1823.7,33.65,53.4,HEALTHY,99.9,Low,SEED
2026-05-29 01:21:40,SEED-84,H,299.2,309.92,1489.7,35.25,77.3,HEALTHY,99.4,Low,SEED
2026-05-29 01:31:40,SEED-85,M,298.52,309.02,2078.3,42.4,99.2,HEALTHY,92.0,Low,SEED
2026-05-29 01:41:40,SEED-86,M,299.17,309.05,1738.5,30.88,50.3,HEALTHY,100.0,Low,SEED
2026-05-29 01:51:40,SEED-87,M,296.66,313.17,1310.5,70.47,242.0,FAULTY,98.3,High,SEED
2026-05-29 02:01:40,SEED-88,M,300.87,310.39,1934.1,23.17,80.7,HEALTHY,99.9,Low,SEED
2026-05-29 02:11:40,SEED-89,H,301.35,310.79,1648.7,44.52,83.3,HEALTHY,98.8,Low,SEED
2026-05-29 02:21:40,SEED-90,M,297.83,315.67,1351.5,68.4,249.7,FAULTY,97.9,High,SEED
2026-05-29 02:31:40,SEED-91,M,299.79,308.83,1765.7,33.27,89.0,HEALTHY,100.0,Low,SEED
2026-05-29 02:41:40,SEED-92,M,299.67,310.56,1599.3,29.76,6.5,HEALTHY,99.9,Low,SEED
2026-05-29 02:51:40,SEED-93,M,299.09,313.08,1582.1,53.84,139.4,HEALTHY,99.4,Medium,SEED
2026-05-29 03:01:40,SEED-94,H,302.03,310.03,1518.6,49.33,174.7,HEALTHY,98.4,Medium,SEED
2026-05-29 03:11:40,SEED-95,L,301.94,310.15,1512.0,46.65,155.3,HEALTHY,98.7,Medium,SEED
2026-05-29 03:21:40,SEED-96,H,299.48,310.71,1877.9,21.2,25.3,HEALTHY,100.0,Low,SEED
2026-05-29 03:31:40,SEED-97,L,301.94,310.2,1513.8,47.69,144.3,HEALTHY,99.1,Medium,SEED
2026-05-29 03:41:40,SEED-98,L,300.65,310.58,2104.0,39.97,7.4,HEALTHY,99.8,Low,SEED
2026-05-29 03:51:40,SEED-99,H,296.58,310.89,1332.6,65.11,230.8,FAULTY,99.3,High,SEED
2026-05-29 04:01:40,SEED-100,M,301.6,310.8,1792.1,29.91,37.0,HEALTHY,100.0,Low,SEED
2026-05-29 04:11:40,SEED-101,H,300.26,310.01,2151.9,27.56,52.0,HEALTHY,99.7,Low,SEED
2026-05-29 04:21:40,SEED-102,H,296.02,314.02,1326.8,61.35,239.6,FAULTY,92.0,High,SEED
2026-05-29 04:31:40,SEED-103,L,299.02,309.02,1666.0,25.14,55.9,HEALTHY,99.9,Low,SEED
2026-05-29 04:41:40,SEED-104,H,301.39,309.49,1611.9,35.05,65.3,HEALTHY,99.9,Low,SEED
2026-05-29 04:51:40,SEED-105,M,296.71,310.57,1225.2,75.04,222.1,FAULTY,99.1,High,SEED
2026-05-29 05:01:40,SEED-106,H,301.5,311.62,1906.8,22.29,74.0,HEALTHY,100.0,Low,SEED
2026-05-29 05:11:40,SEED-107,H,296.69,314.96,1388.0,75.58,249.5,FAULTY,98.4,High,SEED
2026-05-29 05:21:40,SEED-108,L,301.45,309.84,1485.0,31.7,61.8,HEALTHY,99.9,Low,SEED
2026-05-29 05:31:40,SEED-109,M,302.66,312.15,1591.5,49.09,153.4,HEALTHY,99.5,Medium,SEED
2026-05-29 05:41:40,SEED-110,H,299.83,308.11,1696.4,41.66,3.1,HEALTHY,100.0,Low,SEED
2026-05-29 05:51:40,SEED-111,M,298.29,308.49,2142.7,36.05,83.7,HEALTHY,100.0,Low,SEED
2026-05-29 06:01:40,SEED-112,M,299.91,311.31,1426.4,38.18,34.8,HEALTHY,100.0,Low,SEED
2026-05-29 06:11:40,SEED-113,M,300.48,310.87,1497.9,31.39,54.5,HEALTHY,99.9,Low,SEED
2026-05-29 06:21:40,SEED-114,M,300.73,310.68,1962.3,43.62,3.6,HEALTHY,99.8,Low,SEED
2026-05-29 06:31:40,SEED-115,H,299.95,310.17,2113.9,34.49,84.3,HEALTHY,99.6,Low,SEED
2026-05-29 06:41:40,SEED-116,M,300.34,308.83,2009.3,42.72,54.3,HEALTHY,99.8,Low,SEED
2026-05-29 06:51:40,SEED-117,H,296.5,312.78,1344.5,71.05,229.0,FAULTY,98.6,High,SEED
2026-05-29 07:01:40,SEED-118,H,301.84,311.46,1569.7,54.61,117.9,HEALTHY,71.7,Medium,SEED
2026-05-29 07:11:40,SEED-119,M,300.15,310.99,1882.6,44.79,51.5,HEALTHY,99.4,Low,SEED
2026-05-29 07:21:40,SEED-120,M,301.3,310.05,1320.5,51.81,154.9,HEALTHY,69.7,Medium,SEED
2026-05-29 07:31:40,SEED-121,H,298.32,309.57,1560.5,35.0,97.6,HEALTHY,99.8,Low,SEED
2026-05-29 07:41:40,SEED-122,H,299.14,311.16,1961.5,41.97,0.9,HEALTHY,99.4,Low,SEED
2026-05-29 07:51:40,SEED-123,M,299.08,311.68,1260.4,52.63,171.9,HEALTHY,100.0,Medium,SEED
2026-05-29 08:01:40,SEED-124,M,297.32,314.25,1181.7,63.94,203.9,FAULTY,76.5,High,SEED
2026-05-29 08:11:40,SEED-125,L,298.77,310.81,1902.9,32.37,36.3,HEALTHY,100.0,Low,SEED
2026-05-29 08:21:40,SEED-126,M,297.52,312.07,1344.5,75.37,236.4,FAULTY,97.5,High,SEED
2026-05-29 08:31:40,SEED-127,M,300.42,313.28,1339.8,50.41,158.3,HEALTHY,100.0,Medium,SEED
2026-05-29 08:41:40,SEED-128,H,300.75,308.82,1706.5,27.37,77.9,HEALTHY,100.0,Low,SEED
2026-05-29 08:51:40,SEED-129,L,302.73,313.97,1580.4,51.16,111.8,HEALTHY,99.8,Medium,SEED
2026-05-29 09:01:40,SEED-130,L,299.93,311.05,1463.6,32.78,11.5,HEALTHY,99.9,Low,SEED
2026-05-29 09:11:40,SEED-131,H,299.72,311.23,1580.1,35.85,13.5,HEALTHY,100.0,Low,SEED
2026-05-29 09:21:40,SEED-132,L,302.88,313.87,1585.5,54.66,188.9,FAULTY,96.5,Medium,SEED
2026-05-29 09:31:40,SEED-133,H,299.95,311.58,1762.5,34.21,63.5,HEALTHY,100.0,Low,SEED
2026-05-29 09:41:40,SEED-134,H,301.13,309.25,1605.5,21.69,45.5,HEALTHY,99.9,Low,SEED
2026-05-29 09:51:40,SEED-135,M,301.1,311.4,1705.6,32.89,54.1,HEALTHY,100.0,Low,SEED
2026-05-29 10:01:40,SEED-136,L,299.61,309.14,1425.4,22.95,20.5,HEALTHY,99.8,Low,SEED
2026-05-29 10:11:40,SEED-137,L,297.79,310.31,1306.0,76.77,239.6,FAULTY,100.0,High,SEED
2026-05-29 10:21:40,SEED-138,M,300.43,311.04,2023.5,35.56,39.3,HEALTHY,100.0,Low,SEED
2026-05-29 10:31:40,SEED-139,H,300.25,309.16,1432.9,31.0,42.4,HEALTHY,99.5,Low,SEED
2026-05-29 10:41:40,SEED-140,H,300.92,312.36,1471.1,49.6,190.1,HEALTHY,99.6,Medium,SEED
2026-05-29 10:51:40,SEED-141,M,298.66,311.6,1889.2,31.45,43.1,HEALTHY,100.0,Low,SEED
2026-05-29 11:01:40,SEED-142,M,301.75,309.79,1277.7,50.58,185.0,FAULTY,99.5,Medium,SEED
2026-05-29 11:11:40,SEED-143,M,302.56,311.97,1335.0,56.31,144.2,HEALTHY,92.1,Medium,SEED
2026-05-29 11:21:40,SEED-144,M,299.76,313.38,1322.9,49.52,157.1,HEALTHY,100.0,Medium,SEED
2026-05-29 11:31:40,SEED-145,L,298.65,311.48,1700.7,33.81,64.1,HEALTHY,100.0,Low,SEED
2026-05-29 11:41:40,SEED-146,H,297.37,313.86,1284.4,76.87,236.2,FAULTY,98.1,High,SEED
2026-05-29 11:51:40,SEED-147,L,297.95,308.58,1265.0,64.68,238.5,FAULTY,100.0,High,SEED
2026-05-29 12:01:40,SEED-148,M,299.99,309.14,1481.3,51.79,198.9,HEALTHY,97.6,Medium,SEED
2026-05-29 12:11:40,SEED-149,L,301.23,311.96,1682.4,30.51,77.6,HEALTHY,99.9,Low,SEED
2026-05-29 12:21:40,SEED-150,L,298.61,311.8,1765.2,38.22,8.5,HEALTHY,100.0,Low,SEED
2026-05-29 12:31:40,SEED-151,H,301.65,311.57,1943.1,44.66,90.7,HEALTHY,71.4,Low,SEED
2026-05-29 12:41:40,SEED-152,M,302.48,311.2,1492.2,56.86,113.0,HEALTHY,97.0,Medium,SEED
2026-05-29 12:51:40,SEED-153,L,295.63,308.48,1183.3,69.47,205.1,FAULTY,99.2,High,SEED
2026-05-29 13:01:40,SEED-154,L,301.81,310.96,1594.0,49.49,152.2,HEALTHY,85.0,Medium,SEED
2026-05-29 13:11:40,SEED-155,H,296.06,313.01,1293.0,63.31,240.7,FAULTY,89.4,High,SEED
2026-05-29 13:21:40,SEED-156,M,301.38,308.26,1783.7,35.34,8.3,HEALTHY,100.0,Low,SEED
2026-05-29 13:31:40,SEED-157,H,296.66,311.59,1177.9,67.92,206.1,FAULTY,92.4,High,SEED
2026-05-29 13:41:40,SEED-158,L,297.23,313.15,1327.9,74.28,209.4,FAULTY,99.7,High,SEED
2026-05-29 13:51:40,SEED-159,M,300.0,311.58,1240.8,52.73,103.9,HEALTHY,100.0,Medium,SEED
2026-05-29 14:01:40,SEED-160,H,300.08,309.06,1969.6,20.55,19.2,HEALTHY,100.0,Low,SEED
2026-05-29 14:11:40,SEED-161,L,296.78,309.16,1179.4,61.61,238.3,FAULTY,99.8,High,SEED
2026-05-29 14:21:40,SEED-162,L,302.74,310.8,1470.0,54.64,119.5,HEALTHY,98.6,Medium,SEED
2026-05-29 14:31:40,SEED-163,H,298.18,309.62,1485.2,44.88,97.4,HEALTHY,99.6,Low,SEED
2026-05-29 14:41:40,SEED-164,L,302.0,312.71,1432.0,52.87,181.2,HEALTHY,94.5,Medium,SEED
2026-05-29 14:51:40,SEED-165,L,299.77,308.9,1588.3,32.04,21.6,HEALTHY,100.0,Low,SEED
2026-05-29 15:01:40,SEED-166,L,301.78,309.07,1788.2,23.22,74.5,HEALTHY,100.0,Low,SEED
2026-05-29 15:11:40,SEED-167,H,299.03,311.16,1484.4,28.48,3.7,HEALTHY,100.0,Low,SEED
2026-05-29 15:21:40,SEED-168,H,300.1,311.66,1940.4,28.21,5.7,HEALTHY,100.0,Low,SEED
2026-05-29 15:31:40,SEED-169,H,299.87,311.83,1488.6,44.73,71.8,HEALTHY,99.9,Low,SEED
2026-05-29 15:41:40,SEED-170,M,297.67,308.91,1328.2,69.67,241.1,FAULTY,98.9,High,SEED
2026-05-29 15:51:40,SEED-171,L,298.0,308.74,1189.3,70.08,209.1,FAULTY,100.0,High,SEED
2026-05-29 16:01:40,SEED-172,M,299.92,308.77,1791.7,33.08,56.6,HEALTHY,100.0,Low,SEED
2026-05-29 16:11:40,SEED-173,M,295.5,309.96,1305.4,68.31,241.8,FAULTY,98.6,High,SEED
2026-05-29 16:21:40,SEED-174,L,298.18,309.16,2148.2,42.55,71.1,HEALTHY,57.9,Medium,SEED
2026-05-29 16:31:40,SEED-175,L,302.66,313.37,1566.4,54.35,137.6,HEALTHY,95.8,Medium,SEED
2026-05-29 16:41:40,SEED-176,H,301.14,309.57,1472.7,51.16,184.2,HEALTHY,86.3,Medium,SEED
2026-05-29 16:51:40,SEED-177,H,299.08,308.25,1953.5,25.4,21.7,HEALTHY,100.0,Low,SEED
2026-05-29 17:01:40,SEED-178,M,301.84,312.79,1294.3,53.47,107.7,HEALTHY,99.9,Medium,SEED
2026-05-29 17:11:40,SEED-179,L,301.11,311.61,1736.4,41.1,62.8,HEALTHY,100.0,Low,SEED
2026-05-29 17:21:40,SEED-180,M,300.71,309.83,1298.3,53.58,117.1,HEALTHY,99.7,Medium,SEED
2026-05-29 17:31:40,SEED-181,M,299.32,310.95,1335.9,50.42,133.6,HEALTHY,100.0,Medium,SEED
2026-05-29 17:41:40,SEED-182,L,299.36,308.57,1466.1,24.44,96.2,HEALTHY,100.0,Low,SEED
2026-05-29 17:51:40,SEED-183,L,300.88,310.55,2133.7,31.22,23.7,HEALTHY,100.0,Low,SEED
2026-05-29 18:01:40,SEED-184,H,300.78,311.46,1752.0,30.71,16.9,HEALTHY,99.9,Low,SEED
2026-05-29 18:11:40,SEED-185,H,301.9,309.47,1941.3,27.79,45.8,HEALTHY,100.0,Low,SEED
2026-05-29 18:21:40,SEED-186,H,298.71,309.12,2048.6,33.73,71.5,HEALTHY,99.9,Low,SEED
2026-05-29 18:31:40,SEED-187,L,300.94,309.97,2065.2,20.23,13.6,HEALTHY,100.0,Low,SEED
2026-05-29 18:41:40,SEED-188,L,299.2,313.15,1480.0,52.45,171.3,HEALTHY,99.4,Medium,SEED
2026-05-29 18:51:40,SEED-189,H,298.21,310.27,1952.1,34.55,39.0,HEALTHY,99.9,Low,SEED
2026-05-29 19:01:40,SEED-190,H,299.66,309.05,1655.0,33.69,19.9,HEALTHY,100.0,Low,SEED
2026-05-29 19:11:40,SEED-191,L,299.57,309.85,1557.5,24.65,4.3,HEALTHY,99.9,Low,SEED
2026-05-29 19:21:40,SEED-192,H,296.56,314.71,1333.6,61.94,235.2,FAULTY,92.5,High,SEED
2026-05-29 19:31:40,SEED-193,H,299.42,310.61,2008.6,21.51,9.1,HEALTHY,99.9,Low,SEED
2026-05-29 19:41:40,SEED-194,L,300.06,312.73,1457.9,57.92,167.1,HEALTHY,78.6,Medium,SEED
2026-05-29 19:51:40,SEED-195,L,300.09,310.4,1225.5,46.05,174.6,HEALTHY,93.5,Medium,SEED
2026-05-29 20:01:40,SEED-196,H,300.87,311.88,1649.4,23.02,76.6,HEALTHY,100.0,Low,SEED
2026-05-29 20:11:40,SEED-197,M,301.85,311.0,2151.9,35.41,80.8,HEALTHY,100.0,Low,SEED
2026-05-29 20:21:40,SEED-198,L,302.37,312.25,1342.8,48.44,115.8,HEALTHY,99.6,Medium,SEED
2026-05-29 20:31:40,SEED-199,H,302.73,310.05,1379.9,50.92,150.6,FAULTY,99.8,Medium,SEED
2026-05-29 20:41:40,SEED-200,L,300.83,310.79,1744.5,21.02,61.8,HEALTHY,99.9,Low,SEED
2026-05-29 20:51:40,SEED-201,L,301.88,309.98,2170.3,28.41,17.9,HEALTHY,100.0,Low,SEED
2026-05-29 21:01:40,SEED-202,L,300.58,311.96,2029.5,38.99,41.8,HEALTHY,99.9,Low,SEED
2026-05-29 21:11:40,SEED-203,L,299.58,312.44,1421.0,46.58,191.8,HEALTHY,100.0,Medium,SEED
2026-05-29 21:21:40,SEED-204,H,302.98,309.27,1394.3,53.26,186.1,HEALTHY,92.2,Medium,SEED
2026-05-29 21:31:40,SEED-205,L,299.03,310.39,1595.0,24.03,33.8,HEALTHY,100.0,Low,SEED
2026-05-29 21:41:40,SEED-206,M,301.67,313.51,1218.9,55.68,102.8,HEALTHY,100.0,Medium,SEED
2026-05-29 21:51:40,SEED-207,L,298.52,308.82,1880.9,35.87,66.5,HEALTHY,100.0,Low,SEED
2026-05-29 22:01:40,SEED-208,M,300.41,311.8,1534.4,35.77,37.4,HEALTHY,100.0,Low,SEED
2026-05-29 22:11:40,SEED-209,L,301.04,309.14,1642.5,34.48,27.1,HEALTHY,100.0,Low,SEED
2026-05-29 22:21:40,SEED-210,M,299.2,309.51,1219.2,54.7,195.5,HEALTHY,93.0,Medium,SEED
2026-05-29 22:31:40,SEED-211,H,300.64,309.61,1248.5,53.91,176.3,FAULTY,60.7,Medium,SEED
2026-05-29 22:41:40,SEED-212,L,299.44,311.0,1359.2,46.47,142.6,HEALTHY,100.0,Medium,SEED
2026-05-29 22:51:40,SEED-213,L,300.18,311.77,2010.6,38.43,82.4,HEALTHY,99.9,Low,SEED
2026-05-29 23:01:40,SEED-214,L,296.83,312.7,1192.9,71.72,200.2,FAULTY,97.1,High,SEED
2026-05-29 23:11:40,SEED-215,H,300.42,308.26,1730.7,41.79,78.9,HEALTHY,100.0,Low,SEED
2026-05-29 23:21:40,SEED-216,L,295.75,315.95,1275.4,68.59,224.8,FAULTY,99.8,High,SEED
2026-05-29 23:31:40,SEED-217,L,295.1,312.77,1175.0,64.46,206.1,FAULTY,99.2,High,SEED
2026-05-29 23:41:40,SEED-218,L,301.29,311.47,1764.5,26.04,93.6,HEALTHY,100.0,Low,SEED
2026-05-29 23:51:40,SEED-219,L,301.95,311.39,1283.5,54.62,164.7,HEALTHY,62.3,Medium,SEED
2026-05-30 00:01:40,SEED-220,H,300.33,309.07,1496.0,54.39,114.5,HEALTHY,97.5,Medium,SEED
2026-05-30 00:11:40,SEED-221,H,296.53,314.2,1217.4,66.35,221.8,FAULTY,92.5,High,SEED
2026-05-30 00:21:40,SEED-222,H,295.19,314.71,1339.5,73.56,215.8,FAULTY,97.1,High,SEED
2026-05-30 00:31:40,SEED-223,M,301.62,309.93,1997.7,31.04,47.6,HEALTHY,100.0,Low,SEED
2026-05-30 00:41:40,SEED-224,H,299.58,312.49,1553.4,52.6,122.7,HEALTHY,99.6,Medium,SEED
2026-05-30 00:51:40,SEED-225,M,299.46,310.58,1231.8,56.13,162.8,HEALTHY,99.8,Medium,SEED
2026-05-30 01:01:40,SEED-226,L,298.12,309.38,1474.6,35.49,95.0,HEALTHY,99.7,Low,SEED
2026-05-30 01:11:40,SEED-227,H,299.24,308.42,1724.3,42.12,96.2,HEALTHY,100.0,Low,SEED
2026-05-30 01:21:40,SEED-228,L,300.13,311.97,1797.9,36.03,91.6,HEALTHY,100.0,Low,SEED
2026-05-30 01:31:40,SEED-229,M,298.46,309.64,1802.6,34.46,77.5,HEALTHY,100.0,Low,SEED
2026-05-30 01:41:40,SEED-230,H,302.64,310.43,1421.9,49.54,170.9,HEALTHY,82.6,Medium,SEED
2026-05-30 01:51:40,SEED-231,M,302.26,312.44,1207.7,48.13,181.0,HEALTHY,99.9,Medium,SEED
2026-05-30 02:01:40,SEED-232,L,295.79,310.97,1370.9,72.43,233.3,FAULTY,100.0,High,SEED
2026-05-30 02:11:40,SEED-233,H,299.02,309.26,1869.8,37.15,47.0,HEALTHY,99.5,Low,SEED
2026-05-30 02:21:40,SEED-234,L,300.3,311.43,1220.4,51.61,125.2,HEALTHY,99.4,Medium,SEED
2026-05-30 02:31:40,SEED-235,M,297.88,313.05,1201.4,64.16,225.6,FAULTY,87.8,High,SEED
2026-05-30 02:41:40,SEED-236,M,301.25,308.41,1641.9,41.88,63.6,HEALTHY,100.0,Low,SEED
2026-05-30 02:51:40,SEED-237,H,301.89,310.96,1821.1,44.68,92.4,HEALTHY,98.0,Low,SEED
2026-05-30 03:01:40,SEED-238,M,299.72,312.91,1299.2,57.04,136.0,HEALTHY,100.0,Medium,SEED
2026-05-30 03:11:40,SEED-239,L,295.69,308.93,1182.5,74.59,235.7,FAULTY,99.9,High,SEED
2026-05-30 03:21:40,SEED-240,H,299.67,313.62,1237.6,55.3,133.3,HEALTHY,100.0,Medium,SEED
2026-05-30 03:31:40,SEED-241,M,296.78,311.55,1172.0,61.88,203.2,FAULTY,83.8,High,SEED
2026-05-30 03:41:40,SEED-242,L,299.5,311.54,1421.0,34.2,76.9,HEALTHY,99.9,Low,SEED
2026-05-30 03:51:40,SEED-243,L,300.63,309.44,2164.8,22.27,88.2,HEALTHY,99.7,Low,SEED
2026-05-30 04:01:40,SEED-244,H,301.28,311.18,1465.8,34.12,79.1,HEALTHY,99.8,Low,SEED
2026-05-30 04:11:40,SEED-245,H,298.5,309.78,1614.7,24.12,59.7,HEALTHY,99.6,Low,SEED
2026-05-30 04:21:40,SEED-246,M,300.69,310.61,1980.4,39.31,69.6,HEALTHY,99.9,Low,SEED
2026-05-30 04:31:40,SEED-247,H,301.21,310.06,1475.5,21.56,49.1,HEALTHY,99.9,Low,SEED
2026-05-30 04:41:40,SEED-248,L,300.67,310.65,1427.3,46.19,171.3,FAULTY,64.9,Medium,SEED
2026-05-30 04:51:40,SEED-249,H,299.87,311.41,2043.3,35.88,47.5,HEALTHY,99.9,Low,SEED
2026-05-30 05:01:40,SEED-250,L,296.45,314.47,1308.5,71.99,234.6,FAULTY,99.8,High,SEED
2026-05-30 05:11:40,SEED-251,L,302.24,309.81,1442.4,47.77,129.9,HEALTHY,91.0,Medium,SEED
2026-05-30 05:21:40,SEED-252,L,297.14,308.27,1175.5,70.12,224.1,FAULTY,99.9,High,SEED
2026-05-30 05:31:40,SEED-253,L,299.48,308.06,1786.9,27.5,61.7,HEALTHY,100.0,Low,SEED
2026-05-30 05:41:40,SEED-254,L,296.74,314.57,1189.0,72.71,236.5,FAULTY,99.8,High,SEED
2026-05-30 05:51:40,SEED-255,H,300.61,310.54,1875.1,26.69,49.1,HEALTHY,99.7,Low,SEED
2026-05-30 06:01:40,SEED-256,L,300.66,308.33,2025.1,35.71,56.8,HEALTHY,100.0,Low,SEED
2026-05-30 06:11:40,SEED-257,M,301.4,310.84,1856.2,31.0,3.6,HEALTHY,100.0,Low,SEED
2026-05-30 06:21:40,SEED-258,M,299.84,310.13,1933.3,38.85,24.9,HEALTHY,99.9,Low,SEED
2026-05-30 06:31:40,SEED-259,H,296.11,315.15,1195.2,65.72,200.4,FAULTY,57.9,Medium,SEED
2026-05-30 06:41:40,SEED-260,L,298.27,308.48,2108.5,37.02,16.9,HEALTHY,100.0,Low,SEED
2026-05-30 06:51:40,SEED-261,L,301.21,308.21,2023.8,21.0,56.6,HEALTHY,100.0,Low,SEED
2026-05-30 07:01:40,SEED-262,M,299.27,310.49,1589.4,53.2,175.5,HEALTHY,89.5,Medium,SEED
2026-05-30 07:11:40,SEED-263,H,299.7,309.74,2051.6,36.99,54.5,HEALTHY,98.8,Low,SEED
2026-05-30 07:21:40,SEED-264,H,301.79,311.62,1504.8,31.82,76.7,HEALTHY,100.0,Low,SEED
2026-05-30 07:31:40,SEED-265,M,299.51,308.13,2127.6,30.52,60.5,HEALTHY,100.0,Low,SEED
2026-05-30 07:41:40,SEED-266,H,298.67,309.92,1841.1,25.66,16.0,HEALTHY,99.8,Low,SEED
2026-05-30 07:51:40,SEED-267,M,301.35,311.3,1825.2,21.15,11.1,HEALTHY,100.0,Low,SEED
2026-05-30 08:01:40,SEED-268,M,299.22,309.48,1543.8,48.86,167.3,HEALTHY,99.2,Medium,SEED
2026-05-30 08:11:40,SEED-269,H,300.24,313.02,1242.5,50.39,157.5,HEALTHY,100.0,Medium,SEED
2026-05-30 08:21:40,SEED-270,H,297.58,313.47,1214.6,72.37,247.4,FAULTY,98.6,High,SEED
2026-05-30 08:31:40,SEED-271,H,295.62,314.26,1364.9,65.88,217.8,FAULTY,99.0,High,SEED
2026-05-30 08:41:40,SEED-272,L,301.76,308.69,1787.3,38.75,9.0,HEALTHY,100.0,Low,SEED
2026-05-30 08:51:40,SEED-273,M,300.11,310.76,1740.0,35.53,10.8,HEALTHY,100.0,Low,SEED
2026-05-30 09:01:40,SEED-274,M,300.79,309.28,1561.9,54.1,185.9,HEALTHY,69.3,Medium,SEED
2026-05-30 09:11:40,SEED-275,H,298.7,308.92,2039.9,40.8,37.8,HEALTHY,97.6,Low,SEED
2026-05-30 09:21:40,SEED-276,L,295.31,308.31,1249.6,60.57,241.4,FAULTY,99.7,High,SEED
2026-05-30 09:31:40,SEED-277,L,302.56,311.39,1497.4,55.74,154.6,FAULTY,60.7,Medium,SEED
2026-05-30 09:41:40,SEED-278,M,299.36,308.53,1991.8,31.15,5.9,HEALTHY,100.0,Low,SEED
2026-05-30 09:51:40,SEED-279,M,300.26,311.61,1553.5,49.24,104.7,HEALTHY,99.9,Medium,SEED
2026-05-30 10:01:40,SEED-280,H,298.17,310.61,1889.9,35.56,20.3,HEALTHY,100.0,Low,SEED
2026-05-30 10:11:40,SEED-281,L,301.35,309.48,1267.8,47.8,138.3,FAULTY,99.5,Medium,SEED
2026-05-30 10:21:40,SEED-282,L,300.28,308.03,1542.6,41.14,50.6,HEALTHY,100.0,Low,SEED
2026-05-30 10:31:40,SEED-283,H,298.14,311.32,1737.1,21.05,90.3,HEALTHY,99.9,Low,SEED
2026-05-30 10:41:40,SEED-284,L,300.81,310.62,2113.2,44.01,21.2,HEALTHY,87.9,Low,SEED
2026-05-30 10:51:40,SEED-285,L,300.78,310.55,1657.0,33.75,57.9,HEALTHY,99.6,Low,SEED
2026-05-30 11:01:40,SEED-286,L,302.0,312.45,1429.8,54.74,177.5,HEALTHY,53.6,Medium,SEED
2026-05-30 11:11:40,SEED-287,L,296.96,310.06,1399.2,61.68,209.5,FAULTY,99.8,High,SEED
2026-05-30 11:21:40,SEED-288,H,298.65,310.75,2092.9,43.54,29.4,HEALTHY,50.6,Medium,SEED
2026-05-30 11:31:40,SEED-289,M,300.18,308.16,1557.0,32.62,15.2,HEALTHY,100.0,Low,SEED
2026-05-30 11:41:40,SEED-290,L,301.65,310.55,1482.6,47.38,120.3,HEALTHY,99.2,Medium,SEED
2026-05-30 11:51:40,SEED-291,L,300.43,309.77,1683.6,28.09,40.9,HEALTHY,98.8,Low,SEED
2026-05-30 12:01:40,SEED-292,M,302.52,311.09,1562.4,48.65,119.6,HEALTHY,99.6,Medium,SEED
2026-05-30 12:11:40,SEED-293,L,296.85,314.14,1219.2,68.83,248.3,FAULTY,99.2,High,SEED
2026-05-30 12:21:40,SEED-294,M,300.58,310.83,1287.7,52.54,114.7,HEALTHY,99.3,Medium,SEED
2026-05-30 12:31:40,SEED-295,M,299.86,308.46,2034.7,27.52,46.5,HEALTHY,100.0,Low,SEED
2026-05-30 12:41:40,SEED-296,M,297.91,311.67,1235.7,63.82,229.5,FAULTY,92.2,High,SEED
2026-05-30 12:51:40,SEED-297,M,298.57,310.92,1413.5,20.46,35.6,HEALTHY,100.0,Low,SEED
2026-05-30 13:01:40,SEED-298,M,301.41,312.23,1461.4,55.85,133.3,FAULTY,53.0,Medium,SEED
2026-05-30 13:11:40,SEED-299,L,301.98,310.62,1361.5,53.01,164.8,FAULTY,96.3,Medium,SEED
2026-05-30 13:21:40,SEED-300,H,300.91,312.8,1345.5,54.52,106.4,HEALTHY,100.0,Medium,SEED
2026-05-30 13:31:40,SEED-301,M,301.27,309.58,1791.3,34.57,75.0,HEALTHY,100.0,Low,SEED
2026-05-30 13:41:40,SEED-302,H,300.49,311.66,1531.5,40.52,72.0,HEALTHY,99.9,Low,SEED
2026-05-30 13:51:40,SEED-303,M,300.42,310.44,1903.0,24.17,27.1,HEALTHY,100.0,Low,SEED
2026-05-30 14:01:40,SEED-304,H,300.38,311.27,1604.8,35.29,26.2,HEALTHY,99.9,Low,SEED
2026-05-30 14:11:40,SEED-305,M,300.0,309.59,1525.7,23.18,9.8,HEALTHY,100.0,Low,SEED
2026-05-30 14:21:40,SEED-306,L,298.1,311.39,1982.8,40.78,64.9,HEALTHY,99.6,Low,SEED
2026-05-30 14:31:40,SEED-307,M,301.7,310.86,1997.6,41.56,87.5,HEALTHY,99.7,Low,SEED
2026-05-30 14:41:40,SEED-308,L,300.8,309.05,1468.0,39.58,62.8,HEALTHY,100.0,Low,SEED
2026-05-30 14:51:40,SEED-309,M,299.32,309.54,1487.4,40.65,90.0,HEALTHY,99.9,Low,SEED
2026-05-30 15:01:40,SEED-310,H,295.73,315.94,1334.6,64.82,203.6,FAULTY,82.7,High,SEED
2026-05-30 15:11:40,SEED-311,M,300.0,310.46,1504.7,36.45,92.9,HEALTHY,99.9,Low,SEED
2026-05-30 15:21:40,SEED-312,L,299.6,309.36,2088.2,37.4,72.1,HEALTHY,99.2,Low,SEED
2026-05-30 15:31:40,SEED-313,M,301.84,308.95,1943.8,20.82,58.3,HEALTHY,100.0,Low,SEED
2026-05-30 15:41:40,SEED-314,M,296.37,312.25,1388.6,76.22,248.0,FAULTY,97.8,High,SEED
2026-05-30 15:51:40,SEED-315,L,300.45,308.07,1462.8,37.35,10.5,HEALTHY,100.0,Low,SEED
2026-05-30 16:01:40,SEED-316,H,301.5,310.58,1651.6,28.97,45.4,HEALTHY,99.5,Low,SEED
2026-05-30 16:11:40,SEED-317,L,301.04,309.73,2180.3,23.86,46.4,HEALTHY,99.8,Low,SEED
2026-05-30 16:21:40,SEED-318,L,295.58,313.23,1317.7,76.02,245.0,FAULTY,99.8,High,SEED
2026-05-30 16:31:40,SEED-319,H,297.58,308.22,1268.9,60.72,204.6,FAULTY,98.5,High,SEED
2026-05-30 16:41:40,SEED-320,L,300.8,310.73,1594.5,46.55,132.8,HEALTHY,99.3,Medium,SEED
2026-05-30 16:51:40,SEED-321,L,300.2,309.83,2095.2,35.31,9.1,HEALTHY,100.0,Low,SEED
2026-05-30 17:01:40,SEED-322,L,299.17,309.26,1950.7,35.15,6.7,HEALTHY,99.9,Low,SEED
2026-05-30 17:11:40,SEED-323,L,297.2,311.52,1318.2,68.4,250.1,FAULTY,99.9,High,SEED
2026-05-30 17:21:40,SEED-324,L,302.06,309.22,1468.6,54.91,109.4,HEALTHY,94.7,Medium,SEED
2026-05-30 17:31:40,SEED-325,L,302.19,309.67,1405.7,57.4,120.7,HEALTHY,87.8,Medium,SEED
2026-05-30 17:41:40,SEED-326,H,296.23,308.53,1383.4,60.99,211.5,FAULTY,94.4,High,SEED
2026-05-30 17:51:40,SEED-327,H,301.5,311.99,1933.0,40.35,49.5,HEALTHY,99.7,Low,SEED
2026-05-30 18:01:40,SEED-328,M,301.55,309.76,1303.0,51.83,187.7,FAULTY,99.5,Medium,SEED
2026-05-30 18:11:40,SEED-329,L,297.35,311.39,1177.0,74.38,227.4,FAULTY,99.9,High,SEED
2026-05-30 18:21:40,SEED-330,M,301.94,310.54,2043.1,43.68,44.8,HEALTHY,85.0,Low,SEED
2026-05-30 18:31:40,SEED-331,M,295.57,309.07,1314.7,68.24,244.9,FAULTY,99.1,High,SEED
2026-05-30 18:41:40,SEED-332,H,296.56,312.21,1328.0,64.78,241.9,FAULTY,91.1,High,SEED
2026-05-30 18:51:40,SEED-333,L,299.46,310.7,1504.7,38.22,40.2,HEALTHY,100.0,Low,SEED
2026-05-30 19:01:40,SEED-334,L,302.89,312.42,1542.2,56.17,115.9,FAULTY,82.9,Medium,SEED
2026-05-30 19:11:40,SEED-335,H,301.89,309.8,1477.4,30.57,19.9,HEALTHY,100.0,Low,SEED
2026-05-30 19:21:40,SEED-336,L,301.06,309.94,1565.6,29.24,63.5,HEALTHY,99.9,Low,SEED
2026-05-30 19:31:40,SEED-337,M,300.43,308.75,2068.1,30.2,97.0,HEALTHY,100.0,Low,SEED
2026-05-30 19:41:40,SEED-338,L,300.71,310.23,2048.8,29.25,80.7,HEALTHY,99.3,Low,SEED
2026-05-30 19:51:40,SEED-339,H,301.58,311.52,1713.4,32.4,62.9,HEALTHY,99.9,Low,SEED
2026-05-30 20:01:40,SEED-340,M,299.05,313.06,1381.4,51.06,144.5,HEALTHY,100.0,Medium,SEED
2026-05-30 20:11:40,SEED-341,H,301.63,313.12,1270.8,53.41,115.6,HEALTHY,100.0,Medium,SEED
2026-05-30 20:21:40,SEED-342,H,301.79,311.64,1810.9,35.08,77.7,HEALTHY,99.9,Low,SEED
2026-05-30 20:31:40,SEED-343,M,302.27,310.56,1449.5,47.82,192.1,HEALTHY,96.1,Medium,SEED
2026-05-30 20:41:40,SEED-344,M,299.68,308.06,1591.5,31.86,28.2,HEALTHY,100.0,Low,SEED
2026-05-30 20:51:40,SEED-345,L,301.83,310.7,1655.6,44.41,86.3,HEALTHY,99.9,Low,SEED
2026-05-30 21:01:40,SEED-346,H,300.7,313.47,1407.0,49.75,195.1,HEALTHY,100.0,Medium,SEED
2026-05-30 21:11:40,SEED-347,M,299.0,310.5,1517.5,27.03,34.2,HEALTHY,100.0,Low,SEED
2026-05-30 21:21:40,SEED-348,H,300.19,311.62,1686.8,42.04,28.6,HEALTHY,100.0,Low,SEED
2026-05-30 21:31:40,SEED-349,H,301.97,308.33,1459.7,37.39,7.2,HEALTHY,100.0,Low,SEED
2026-05-30 21:41:40,SEED-350,L,296.36,312.03,1178.0,72.06,201.5,FAULTY,97.4,High,SEED
2026-05-30 21:51:40,SEED-351,M,299.06,311.13,1857.6,33.35,99.9,HEALTHY,100.0,Low,SEED
2026-05-30 22:01:40,SEED-352,L,299.33,311.81,1743.3,28.14,13.2,HEALTHY,100.0,Low,SEED
2026-05-30 22:11:40,SEED-353,M,297.05,308.67,1181.1,63.67,247.6,FAULTY,84.0,High,SEED
2026-05-30 22:21:40,SEED-354,L,301.87,309.22,1405.5,21.96,31.6,HEALTHY,99.9,Low,SEED
2026-05-30 22:31:40,SEED-355,M,298.33,311.7,1582.9,30.8,27.4,HEALTHY,100.0,Low,SEED
2026-05-30 22:41:40,SEED-356,M,301.13,310.58,1588.6,51.52,134.2,HEALTHY,97.4,Medium,SEED
2026-05-30 22:51:40,SEED-357,M,297.56,311.17,1375.4,75.68,207.1,FAULTY,98.8,High,SEED
2026-05-30 23:01:40,SEED-358,H,300.83,308.99,1621.9,29.12,70.7,HEALTHY,100.0,Low,SEED
2026-05-30 23:11:40,SEED-359,M,295.13,310.07,1321.1,71.7,220.0,FAULTY,98.8,High,SEED
2026-05-30 23:21:40,SEED-360,M,300.32,311.68,1279.4,46.73,159.7,HEALTHY,99.9,Medium,SEED
2026-05-30 23:31:40,SEED-361,L,301.64,308.88,2163.4,23.78,48.9,HEALTHY,100.0,Low,SEED
2026-05-30 23:41:40,SEED-362,H,295.23,313.05,1185.4,66.82,216.7,FAULTY,92.8,High,SEED
2026-05-30 23:51:40,SEED-363,M,303.0,312.44,1231.2,51.7,125.3,HEALTHY,99.8,Medium,SEED
2026-05-31 00:01:40,SEED-364,M,300.91,309.25,1468.5,57.16,184.2,HEALTHY,51.0,Medium,SEED
2026-05-31 00:11:40,SEED-365,H,300.89,308.56,1413.3,33.47,64.7,HEALTHY,99.9,Low,SEED
2026-05-31 00:21:40,SEED-366,L,295.17,315.66,1202.9,67.21,239.3,FAULTY,99.5,High,SEED
2026-05-31 00:31:40,SEED-367,M,298.86,309.59,2140.9,42.35,12.4,HEALTHY,64.1,Medium,SEED
2026-05-31 00:41:40,SEED-368,H,296.15,314.49,1370.9,70.01,221.7,FAULTY,99.5,High,SEED
2026-05-31 00:51:40,SEED-369,L,298.22,309.89,1937.7,29.68,77.1,HEALTHY,99.9,Low,SEED
2026-05-31 01:01:40,SEED-370,H,302.01,312.62,1501.8,46.5,152.3,HEALTHY,99.9,Medium,SEED
2026-05-31 01:11:40,SEED-371,L,297.0,311.82,1274.8,72.75,249.4,FAULTY,99.8,High,SEED
2026-05-31 01:21:40,SEED-372,H,298.23,309.9,1724.8,35.36,46.1,HEALTHY,99.9,Low,SEED
2026-05-31 01:31:40,SEED-373,L,301.89,313.36,1272.0,54.79,107.9,HEALTHY,100.0,Medium,SEED
2026-05-31 01:41:40,SEED-374,L,299.72,310.37,1610.7,24.97,34.7,HEALTHY,99.5,Low,SEED
2026-05-31 01:51:40,SEED-375,M,300.35,308.8,2064.8,36.68,58.3,HEALTHY,100.0,Low,SEED
2026-05-31 02:01:40,SEED-376,M,301.65,309.16,1218.5,48.2,156.5,FAULTY,95.2,Medium,SEED
2026-05-31 02:11:40,SEED-377,M,298.3,311.82,2187.4,28.26,56.7,HEALTHY,100.0,Low,SEED
2026-05-31 02:21:40,SEED-378,M,302.1,310.79,1535.0,57.88,111.4,FAULTY,91.7,Medium,SEED
2026-05-31 02:31:40,SEED-379,L,300.63,310.73,1506.5,54.0,150.8,HEALTHY,73.0,Medium,SEED
2026-05-31 02:41:40,SEED-380,L,301.65,309.83,1498.0,51.34,143.7,HEALTHY,97.0,Medium,SEED
2026-05-31 02:51:40,SEED-381,H,302.75,310.01,1372.0,49.64,132.9,FAULTY,99.8,Medium,SEED
2026-05-31 03:01:40,SEED-382,L,300.84,310.11,1794.6,25.94,17.0,HEALTHY,100.0,Low,SEED
2026-05-31 03:11:40,SEED-383,M,299.12,309.08,2036.4,39.29,5.4,HEALTHY,99.9,Low,SEED
2026-05-31 03:21:40,SEED-384,L,300.3,310.44,1996.0,24.33,31.9,HEALTHY,99.9,Low,SEED
2026-05-31 03:31:40,SEED-385,L,302.87,313.97,1496.3,54.15,117.5,HEALTHY,98.1,Medium,SEED
2026-05-31 03:41:40,SEED-386,H,301.84,311.25,1394.8,51.76,196.9,HEALTHY,63.3,Medium,SEED
2026-05-31 03:51:40,SEED-387,H,297.06,315.0,1185.6,67.66,200.2,FAULTY,60.9,Medium,SEED
2026-05-31 04:01:40,SEED-388,L,298.55,308.74,1596.6,21.24,9.5,HEALTHY,100.0,Low,SEED
2026-05-31 04:11:40,SEED-389,M,298.07,310.01,2105.9,30.77,6.0,HEALTHY,100.0,Low,SEED
2026-05-31 04:21:40,SEED-390,M,301.41,309.91,1479.0,55.48,120.9,HEALTHY,95.8,Medium,SEED
2026-05-31 04:31:40,SEED-391,M,298.55,308.51,2130.7,22.17,50.6,HEALTHY,100.0,Low,SEED
2026-05-31 04:41:40,SEED-392,M,300.83,309.06,1716.9,37.16,92.9,HEALTHY,100.0,Low,SEED
2026-05-31 04:51:40,SEED-393,H,298.05,310.13,1706.1,39.21,73.4,HEALTHY,99.9,Low,SEED
2026-05-31 05:01:40,SEED-394,L,298.79,311.26,2085.0,32.95,16.9,HEALTHY,100.0,Low,SEED
2026-05-31 05:11:40,SEED-395,H,301.68,308.24,1717.1,30.61,36.3,HEALTHY,100.0,Low,SEED
2026-05-31 05:21:40,SEED-396,M,299.68,311.41,2152.9,43.74,36.8,HEALTHY,91.4,Low,SEED
2026-05-31 05:31:40,SEED-397,L,299.45,308.12,2156.6,35.45,0.7,HEALTHY,100.0,Low,SEED
2026-05-31 05:41:40,SEED-398,H,301.9,311.25,1421.1,48.39,151.9,FAULTY,60.7,Medium,SEED
2026-05-31 05:51:40,SEED-399,L,300.82,310.02,1738.9,33.67,38.8,HEALTHY,100.0,Low,SEED
2026-05-31 06:01:40,SEED-400,L,301.53,309.62,1597.7,25.24,36.3,HEALTHY,100.0,Low,SEED
2026-05-31 06:11:40,SEED-401,M,301.9,309.68,1529.2,27.5,57.9,HEALTHY,100.0,Low,SEED
2026-05-31 06:21:40,SEED-402,M,299.46,310.78,1682.1,24.25,20.6,HEALTHY,100.0,Low,SEED
2026-05-31 06:31:40,SEED-403,H,300.12,312.85,1345.6,53.22,146.2,HEALTHY,100.0,Medium,SEED
2026-05-31 06:41:40,SEED-404,M,297.08,311.92,1192.5,73.01,246.4,FAULTY,98.3,High,SEED
2026-05-31 06:51:40,SEED-405,L,299.48,311.63,1543.6,41.12,37.4,HEALTHY,100.0,Low,SEED
2026-05-31 07:01:40,SEED-406,L,299.13,308.01,1446.4,31.49,26.9,HEALTHY,100.0,Low,SEED
2026-05-31 07:11:40,SEED-407,L,299.32,310.25,2110.3,41.22,1.2,HEALTHY,52.5,Medium,SEED
2026-05-31 07:21:40,SEED-408,H,300.84,310.09,1911.8,38.09,99.6,HEALTHY,99.3,Low,SEED
2026-05-31 07:31:40,SEED-409,M,299.05,311.42,1870.5,22.86,58.5,HEALTHY,100.0,Low,SEED
2026-05-31 07:41:40,SEED-410,H,299.79,309.32,1937.0,30.31,55.5,HEALTHY,99.8,Low,SEED
2026-05-31 07:51:40,SEED-411,H,299.06,308.84,1693.5,24.01,31.9,HEALTHY,100.0,Low,SEED
2026-05-31 08:01:40,SEED-412,H,301.15,308.96,1891.0,21.76,18.4,HEALTHY,100.0,Low,SEED
2026-05-31 08:11:40,SEED-413,M,300.81,310.99,1562.5,53.05,192.1,HEALTHY,72.9,Medium,SEED
2026-05-31 08:21:40,SEED-414,H,299.09,310.75,1486.2,36.88,64.0,HEALTHY,99.9,Low,SEED
2026-05-31 08:31:40,SEED-415,H,299.47,313.5,1244.3,46.99,162.4,HEALTHY,100.0,Medium,SEED
2026-05-31 08:41:40,SEED-416,M,299.52,312.14,1311.8,50.47,185.3,HEALTHY,100.0,Medium,SEED
2026-05-31 08:51:40,SEED-417,H,299.45,308.18,1447.4,43.15,25.7,HEALTHY,99.9,Low,SEED
2026-05-31 09:01:40,SEED-418,M,297.28,314.75,1327.8,63.98,233.0,FAULTY,93.0,High,SEED
2026-05-31 09:11:40,SEED-419,L,300.37,310.82,1844.6,41.48,43.2,HEALTHY,99.4,Low,SEED
2026-05-31 09:21:40,SEED-420,L,295.3,309.42,1350.1,61.75,212.5,FAULTY,99.2,High,SEED
2026-05-31 09:31:40,SEED-421,L,298.53,311.56,2086.3,32.84,80.0,HEALTHY,100.0,Low,SEED
2026-05-31 09:41:40,SEED-422,L,301.03,309.51,1810.8,26.82,87.0,HEALTHY,99.9,Low,SEED
2026-05-31 09:51:40,SEED-423,M,299.93,310.49,1510.9,46.56,163.4,HEALTHY,99.2,Medium,SEED
2026-05-31 10:01:40,SEED-424,L,297.35,313.92,1296.9,73.35,230.8,FAULTY,99.9,High,SEED
2026-05-31 10:11:40,SEED-425,M,298.64,309.32,1804.4,41.32,89.5,HEALTHY,99.9,Low,SEED
2026-05-31 10:21:40,SEED-426,H,300.34,309.46,1531.7,37.07,75.0,HEALTHY,99.9,Low,SEED
2026-05-31 10:31:40,SEED-427,H,297.82,308.88,1255.4,74.81,250.3,FAULTY,99.8,High,SEED
2026-05-31 10:41:40,SEED-428,H,298.81,310.05,2027.8,43.24,3.8,HEALTHY,52.5,Medium,SEED
2026-05-31 10:51:40,SEED-429,L,296.42,309.63,1387.3,73.09,219.3,FAULTY,99.9,High,SEED
2026-05-31 11:01:40,SEED-430,L,299.12,311.82,1525.2,21.76,21.2,HEALTHY,100.0,Low,SEED
2026-05-31 11:11:40,SEED-431,M,297.37,312.06,1241.6,61.08,248.7,FAULTY,86.0,High,SEED
2026-05-31 11:21:40,SEED-432,H,296.66,314.08,1269.1,69.79,222.2,FAULTY,98.2,High,SEED
2026-05-31 11:31:40,SEED-433,M,298.64,309.68,1603.7,40.68,28.8,HEALTHY,100.0,Low,SEED
2026-05-31 11:41:40,SEED-434,L,301.87,308.35,2077.1,26.1,33.7,HEALTHY,100.0,Low,SEED
2026-05-31 11:51:40,SEED-435,M,299.06,309.77,2057.3,37.35,56.1,HEALTHY,99.9,Low,SEED
2026-05-31 12:01:40,SEED-436,H,296.8,314.08,1240.9,71.7,238.3,FAULTY,98.2,High,SEED
2026-05-31 12:11:40,SEED-437,H,295.61,310.46,1232.4,74.7,249.2,FAULTY,99.1,High,SEED
2026-05-31 12:21:40,SEED-438,L,298.94,311.09,2069.3,44.54,83.6,HEALTHY,56.7,Medium,SEED
2026-05-31 12:31:40,SEED-439,M,300.7,310.18,1902.3,38.42,47.4,HEALTHY,99.9,Low,SEED
2026-05-31 12:41:40,SEED-440,M,299.8,308.4,2020.9,20.21,7.3,HEALTHY,100.0,Low,SEED
2026-05-31 12:51:40,SEED-441,M,298.72,308.8,1836.3,30.28,53.7,HEALTHY,100.0,Low,SEED
2026-05-31 13:01:40,SEED-442,L,299.58,311.61,1569.8,50.2,164.0,HEALTHY,98.7,Medium,SEED
2026-05-31 13:11:40,SEED-443,L,301.0,309.57,1514.2,29.71,52.5,HEALTHY,100.0,Low,SEED
2026-05-31 13:21:40,SEED-444,H,297.55,309.52,1198.2,70.46,227.8,FAULTY,94.6,High,SEED
2026-05-31 13:31:40,SEED-445,M,300.35,311.23,1727.8,21.62,54.9,HEALTHY,99.9,Low,SEED
2026-05-31 13:41:40,SEED-446,H,299.45,309.62,1559.2,43.45,58.1,HEALTHY,99.5,Low,SEED
2026-05-31 13:51:40,SEED-447,H,298.36,310.43,1725.6,35.04,88.9,HEALTHY,99.9,Low,SEED
2026-05-31 14:01:40,SEED-448,H,302.95,312.12,1362.8,56.53,190.2,FAULTY,95.8,Medium,SEED
2026-05-31 14:11:40,SEED-449,M,297.64,310.57,1328.5,70.15,220.0,FAULTY,99.5,High,SEED
2026-05-31 14:21:40,SEED-450,L,300.56,308.91,1756.4,32.6,53.4,HEALTHY,100.0,Low,SEED
2026-05-31 14:31:40,SEED-451,H,299.1,310.67,1916.5,28.44,47.3,HEALTHY,100.0,Low,SEED
2026-05-31 14:41:40,SEED-452,L,300.45,308.55,2053.4,29.75,75.6,HEALTHY,100.0,Low,SEED
2026-05-31 14:51:40,SEED-453,M,295.15,310.44,1399.3,61.1,221.1,FAULTY,87.6,High,SEED
2026-05-31 15:01:40,SEED-454,H,302.5,311.41,1265.1,48.67,160.9,HEALTHY,84.8,Medium,SEED
2026-05-31 15:11:40,SEED-455,M,299.9,309.48,2071.2,36.79,37.9,HEALTHY,99.9,Low,SEED
2026-05-31 15:21:40,SEED-456,H,298.83,308.87,1484.4,30.86,65.6,HEALTHY,99.9,Low,SEED
2026-05-31 15:31:40,SEED-457,H,296.96,313.94,1331.7,66.59,248.4,FAULTY,98.6,High,SEED
2026-05-31 15:41:40,SEED-458,M,301.93,311.84,1582.1,56.02,179.4,FAULTY,95.1,Medium,SEED
2026-05-31 15:51:40,SEED-459,H,301.08,310.02,1804.3,24.3,75.9,HEALTHY,99.9,Low,SEED
2026-05-31 16:01:40,SEED-460,L,300.95,309.65,2007.0,39.8,4.5,HEALTHY,99.9,Low,SEED
2026-05-31 16:11:40,SEED-461,M,299.6,310.24,2049.4,20.62,72.9,HEALTHY,99.6,Low,SEED
2026-05-31 16:21:40,SEED-462,L,299.04,311.81,1485.7,31.55,13.8,HEALTHY,100.0,Low,SEED
2026-05-31 16:31:40,SEED-463,H,300.08,313.47,1311.3,57.94,108.7,HEALTHY,100.0,Medium,SEED
2026-05-31 16:41:40,SEED-464,H,301.18,311.37,1658.8,22.03,80.2,HEALTHY,100.0,Low,SEED
2026-05-31 16:51:40,SEED-465,H,301.21,308.13,1852.3,29.41,24.0,HEALTHY,100.0,Low,SEED
2026-05-31 17:01:40,SEED-466,H,298.87,308.33,1883.4,28.01,62.2,HEALTHY,99.9,Low,SEED
2026-05-31 17:11:40,SEED-467,H,300.65,309.4,1563.4,26.15,5.0,HEALTHY,100.0,Low,SEED
2026-05-31 17:21:40,SEED-468,L,297.73,309.46,1381.8,61.33,230.5,FAULTY,99.9,High,SEED
2026-05-31 17:31:40,SEED-469,H,300.5,308.57,1949.2,21.65,35.7,HEALTHY,100.0,Low,SEED
2026-05-31 17:41:40,SEED-470,L,295.21,315.37,1254.6,73.5,205.2,FAULTY,99.5,High,SEED
2026-05-31 17:51:40,SEED-471,H,296.7,312.47,1314.1,65.86,241.3,FAULTY,98.4,High,SEED
2026-05-31 18:01:40,SEED-472,L,301.06,311.24,1345.1,48.18,125.9,HEALTHY,93.4,Medium,SEED
2026-05-31 18:11:40,SEED-473,L,301.32,310.46,1633.5,42.63,52.6,HEALTHY,99.8,Low,SEED
2026-05-31 18:21:40,SEED-474,M,299.71,310.53,1803.8,40.46,58.6,HEALTHY,99.9,Low,SEED
2026-05-31 18:31:40,SEED-475,M,300.02,312.05,1389.4,54.77,131.1,HEALTHY,99.9,Medium,SEED
2026-05-31 18:41:40,SEED-476,M,296.4,308.41,1209.9,66.28,213.8,FAULTY,75.8,High,SEED
2026-05-31 18:51:40,SEED-477,L,298.76,309.35,2056.4,40.88,66.7,HEALTHY,97.1,Low,SEED
2026-05-31 19:01:40,SEED-478,M,302.77,309.45,1238.5,57.7,126.3,FAULTY,99.0,Medium,SEED
2026-05-31 19:11:40,SEED-479,M,300.06,311.1,1747.3,26.8,60.4,HEALTHY,100.0,Low,SEED
2026-05-31 19:21:40,SEED-480,M,302.44,310.51,1273.6,54.28,177.8,FAULTY,99.5,Medium,SEED
2026-05-31 19:31:40,SEED-481,L,300.41,310.67,2003.1,43.37,23.8,HEALTHY,83.2,Low,SEED
2026-05-31 19:41:40,SEED-482,M,298.15,308.66,1904.9,42.38,45.9,HEALTHY,99.9,Low,SEED
2026-05-31 19:51:40,SEED-483,M,299.92,309.87,1581.3,35.05,48.6,HEALTHY,100.0,Low,SEED
2026-05-31 20:01:40,SEED-484,L,299.68,308.98,2183.9,43.09,82.6,HEALTHY,89.8,Low,SEED
2026-05-31 20:11:40,SEED-485,H,295.73,315.79,1337.5,63.1,211.3,FAULTY,84.2,High,SEED
2026-05-31 20:21:40,SEED-486,L,301.45,311.71,2127.2,38.74,12.4,HEALTHY,100.0,Low,SEED
2026-05-31 20:31:40,SEED-487,H,299.77,311.96,1855.7,39.59,33.5,HEALTHY,100.0,Low,SEED
2026-05-31 20:41:40,SEED-488,L,300.88,311.33,1239.4,48.15,132.0,HEALTHY,93.2,Medium,SEED
2026-05-31 20:51:40,SEED-489,L,295.28,308.83,1187.4,71.49,215.4,FAULTY,99.4,High,SEED
2026-05-31 21:01:40,SEED-490,M,300.8,309.28,1911.2,36.87,72.4,HEALTHY,100.0,Low,SEED
2026-05-31 21:11:40,SEED-491,M,296.91,311.54,1261.1,61.31,244.5,FAULTY,86.8,High,SEED
2026-05-31 21:21:40,SEED-492,L,299.58,311.46,1427.5,43.24,92.3,HEALTHY,99.9,Low,SEED
2026-05-31 21:31:40,SEED-493,H,299.59,313.69,1532.6,51.07,109.9,HEALTHY,100.0,Medium,SEED
2026-05-31 21:41:40,SEED-494,L,297.53,309.0,1188.0,60.54,223.8,FAULTY,99.9,High,SEED
2026-05-31 21:51:40,SEED-495,L,303.0,309.64,1595.7,52.45,197.3,HEALTHY,87.7,Medium,SEED
2026-05-31 22:01:40,SEED-496,M,299.32,310.84,1506.4,39.46,26.1,HEALTHY,100.0,Low,SEED
2026-05-31 22:11:40,SEED-497,L,295.13,312.44,1353.0,65.19,238.0,FAULTY,99.8,High,SEED
2026-05-31 22:21:40,SEED-498,M,298.13,309.49,1501.0,24.93,82.3,HEALTHY,100.0,Low,SEED
2026-05-31 22:31:40,SEED-499,L,300.92,309.03,2160.5,20.51,14.4,HEALTHY,100.0,Low,SEED
2026-05-31 22:41:40,SEED-500,M,300.07,310.93,1426.6,23.21,84.4,HEALTHY,99.7,Low,SEED
2026-05-31 22:51:40,SEED-501,L,299.71,311.09,1512.2,32.99,86.4,HEALTHY,99.9,Low,SEED
2026-05-31 23:01:40,SEED-502,L,299.03,309.05,1714.3,27.53,33.9,HEALTHY,100.0,Low,SEED
2026-05-31 23:11:40,SEED-503,H,298.38,310.61,1619.0,27.87,68.4,HEALTHY,100.0,Low,SEED
2026-05-31 23:21:40,SEED-504,M,300.2,309.67,1685.9,38.65,38.3,HEALTHY,99.9,Low,SEED
2026-05-31 23:31:40,SEED-505,L,298.31,309.34,2010.4,32.6,1.8,HEALTHY,100.0,Low,SEED
2026-05-31 23:41:40,SEED-506,H,301.64,308.98,2105.6,34.76,98.6,HEALTHY,100.0,Low,SEED
2026-05-31 23:51:40,SEED-507,L,301.93,310.49,1516.2,48.43,167.1,HEALTHY,96.6,Medium,SEED
2026-06-01 00:01:40,SEED-508,H,301.67,309.83,1908.6,32.36,77.9,HEALTHY,99.9,Low,SEED
2026-06-01 00:11:40,SEED-509,M,301.74,309.73,1350.6,55.86,141.5,FAULTY,99.5,Medium,SEED
2026-06-01 00:21:40,SEED-510,L,298.48,311.55,2109.6,45.0,96.1,HEALTHY,94.1,Low,SEED
2026-06-01 00:31:40,SEED-511,M,295.55,312.21,1215.5,73.18,218.4,FAULTY,98.0,High,SEED
2026-06-01 00:41:40,SEED-512,L,300.38,308.3,1492.6,38.03,55.0,HEALTHY,100.0,Low,SEED
2026-06-01 00:51:40,SEED-513,M,300.62,308.0,1862.5,27.46,37.8,HEALTHY,100.0,Low,SEED
2026-06-01 01:01:40,SEED-514,H,301.19,309.43,1432.6,20.71,17.0,HEALTHY,99.9,Low,SEED
2026-06-01 01:11:40,SEED-515,L,301.71,308.88,1475.7,34.53,3.3,HEALTHY,100.0,Low,SEED
2026-06-01 01:21:40,SEED-516,M,300.03,313.15,1535.3,54.11,121.2,HEALTHY,99.7,Medium,SEED
2026-06-01 01:31:40,SEED-517,M,299.98,310.14,1283.9,49.36,184.9,HEALTHY,98.8,Medium,SEED
2026-06-01 01:41:40,SEED-518,L,301.75,311.78,1336.4,50.57,152.2,HEALTHY,95.2,Medium,SEED
2026-06-01 01:51:40,SEED-519,H,297.48,314.12,1315.0,67.61,216.9,FAULTY,97.6,High,SEED
2026-06-01 02:01:40,SEED-520,M,296.8,314.67,1229.8,73.15,225.2,FAULTY,98.0,High,SEED
2026-06-01 02:11:40,SEED-521,H,297.05,315.42,1381.8,68.74,204.0,FAULTY,91.7,High,SEED
2026-06-01 02:21:40,SEED-522,M,302.8,310.63,1275.5,56.19,147.9,FAULTY,99.9,Medium,SEED
2026-06-01 02:31:40,SEED-523,L,299.78,309.57,1602.2,23.3,7.3,HEALTHY,99.8,Low,SEED
2026-06-01 02:41:40,SEED-524,L,301.57,311.72,1671.2,30.59,56.2,HEALTHY,99.9,Low,SEED
2026-06-01 02:51:40,SEED-525,M,303.0,311.82,1345.4,51.17,141.9,HEALTHY,89.1,Medium,SEED
2026-06-01 03:01:40,SEED-526,M,301.55,311.71,2146.8,21.04,31.0,HEALTHY,100.0,Low,SEED
2026-06-01 03:11:40,SEED-527,H,301.69,309.46,1791.3,26.85,42.2,HEALTHY,100.0,Low,SEED
2026-06-01 03:21:40,SEED-528,L,296.98,310.32,1391.3,60.65,203.2,FAULTY,98.5,High,SEED
2026-06-01 03:31:40,SEED-529,L,299.57,311.76,1439.4,25.21,38.1,HEALTHY,100.0,Low,SEED
2026-06-01 03:41:40,SEED-530,H,301.91,310.94,1564.9,26.13,97.1,HEALTHY,99.8,Low,SEED
2026-06-01 03:51:40,SEED-531,L,302.55,313.22,1241.1,46.58,139.1,HEALTHY,99.2,Medium,SEED
2026-06-01 04:01:40,SEED-532,H,299.53,313.11,1588.7,48.31,130.4,HEALTHY,100.0,Medium,SEED
2026-06-01 04:11:40,SEED-533,L,300.44,309.51,1844.3,27.64,96.8,HEALTHY,99.8,Low,SEED
2026-06-01 04:21:40,SEED-534,M,299.79,312.79,1393.8,56.65,155.4,HEALTHY,100.0,Medium,SEED
2026-06-01 04:31:40,SEED-535,L,300.31,311.5,1605.0,44.54,13.2,HEALTHY,100.0,Low,SEED
2026-06-01 04:41:40,SEED-536,M,298.32,309.27,1685.6,34.04,66.3,HEALTHY,99.9,Low,SEED
2026-06-01 04:51:40,SEED-537,H,299.26,310.18,2131.7,37.59,81.8,HEALTHY,96.4,Low,SEED
2026-06-01 05:01:40,SEED-538,H,299.06,310.6,1885.7,29.83,96.5,HEALTHY,100.0,Low,SEED
2026-06-01 05:11:40,SEED-539,L,300.64,308.21,1766.6,23.8,14.8,HEALTHY,100.0,Low,SEED
2026-06-01 05:21:40,SEED-540,M,299.59,311.09,1503.6,54.44,162.1,HEALTHY,91.3,Medium,SEED
2026-06-01 05:31:40,SEED-541,M,301.34,308.1,1789.7,39.37,100.0,HEALTHY,100.0,Low,SEED
2026-06-01 05:41:40,SEED-542,L,297.94,313.24,1385.7,72.52,209.3,FAULTY,99.9,High,SEED
2026-06-01 05:51:40,SEED-543,H,300.81,308.26,1549.6,29.6,61.7,HEALTHY,100.0,Low,SEED
2026-06-01 06:01:40,SEED-544,L,301.57,310.7,1466.1,20.51,85.1,HEALTHY,100.0,Low,SEED
2026-06-01 06:11:40,SEED-545,H,299.57,311.05,2056.6,38.27,59.3,HEALTHY,99.2,Low,SEED
2026-06-01 06:21:40,SEED-546,L,299.25,311.31,1713.5,32.86,33.5,HEALTHY,100.0,Low,SEED
2026-06-01 06:31:40,SEED-547,L,297.22,308.87,1339.4,64.26,222.2,FAULTY,99.8,High,SEED
2026-06-01 06:41:40,SEED-548,M,295.14,313.86,1176.4,74.38,203.7,FAULTY,93.3,High,SEED
2026-06-01 06:51:40,SEED-549,L,297.08,315.22,1171.5,61.74,246.1,FAULTY,99.7,High,SEED
2026-06-01 07:01:40,SEED-550,L,295.89,315.52,1262.8,67.38,246.6,FAULTY,99.2,High,SEED
2026-06-01 07:11:40,SEED-551,L,300.37,310.31,1628.7,36.0,46.6,HEALTHY,99.7,Low,SEED
2026-06-01 07:21:40,SEED-552,M,300.14,311.04,2106.5,26.05,13.7,HEALTHY,100.0,Low,SEED
2026-06-01 07:31:40,SEED-553,L,298.13,309.52,2038.8,38.11,39.6,HEALTHY,99.7,Low,SEED
2026-06-01 07:41:40,SEED-554,H,298.75,310.5,1583.1,23.79,24.7,HEALTHY,100.0,Low,SEED
2026-06-01 07:51:40,SEED-555,H,296.88,315.64,1235.8,68.86,215.6,FAULTY,83.7,High,SEED
2026-06-01 08:01:40,SEED-556,L,299.84,308.32,2123.5,36.73,26.4,HEALTHY,99.9,Low,SEED
2026-06-01 08:11:40,SEED-557,M,300.79,308.83,1869.3,20.14,5.6,HEALTHY,100.0,Low,SEED
2026-06-01 08:21:40,SEED-558,L,300.26,309.95,1481.4,35.28,2.2,HEALTHY,99.9,Low,SEED
2026-06-01 08:31:40,SEED-559,L,300.45,309.96,1657.7,36.22,33.0,HEALTHY,99.9,Low,SEED
2026-06-01 08:41:40,SEED-560,M,299.51,310.29,1520.8,53.7,175.5,HEALTHY,53.9,Medium,SEED
2026-06-01 08:51:40,SEED-561,H,299.6,310.05,2005.6,42.7,0.3,HEALTHY,98.3,Low,SEED
2026-06-01 09:01:40,SEED-562,H,299.32,309.64,2076.0,25.55,37.8,HEALTHY,98.8,Low,SEED
2026-06-01 09:11:40,SEED-563,L,299.39,309.65,1727.4,38.99,21.7,HEALTHY,100.0,Low,SEED
2026-06-01 09:21:40,SEED-564,L,302.27,309.21,1245.7,55.72,198.7,FAULTY,99.9,Medium,SEED
2026-06-01 09:31:40,SEED-565,M,301.63,310.31,1441.0,44.22,32.2,HEALTHY,97.2,Low,SEED
2026-06-01 09:41:40,SEED-566,L,301.7,311.56,1468.8,46.79,195.0,HEALTHY,78.3,Medium,SEED
2026-06-01 09:51:40,SEED-567,H,298.84,308.87,1885.5,27.31,86.9,HEALTHY,99.9,Low,SEED
2026-06-01 10:01:40,SEED-568,M,300.78,308.99,1589.3,30.79,60.3,HEALTHY,100.0,Low,SEED
2026-06-01 10:11:40,SEED-569,L,298.96,310.76,1612.7,26.66,59.1,HEALTHY,100.0,Low,SEED
2026-06-01 10:21:40,SEED-570,H,299.34,311.39,1832.9,22.28,18.2,HEALTHY,100.0,Low,SEED
2026-06-01 10:31:40,SEED-571,H,299.12,309.08,1416.0,57.35,162.1,FAULTY,92.8,Medium,SEED
2026-06-01 10:41:40,SEED-572,M,298.55,311.87,1790.2,43.08,71.7,HEALTHY,100.0,Low,SEED
2026-06-01 10:51:40,SEED-573,H,298.67,309.6,1548.2,24.19,22.9,HEALTHY,99.9,Low,SEED
2026-06-01 11:01:40,SEED-574,H,296.99,310.73,1257.0,64.27,201.7,FAULTY,73.8,High,SEED
2026-06-01 11:11:40,SEED-575,M,299.96,309.21,1566.3,31.3,96.7,HEALTHY,100.0,Low,SEED
2026-06-01 11:21:40,SEED-576,L,300.38,309.46,1835.9,33.77,15.9,HEALTHY,100.0,Low,SEED
2026-06-01 11:31:40,SEED-577,L,300.77,310.8,1910.4,24.17,21.2,HEALTHY,100.0,Low,SEED
2026-06-01 11:41:40,SEED-578,M,299.19,308.19,1474.6,42.42,2.8,HEALTHY,100.0,Low,SEED
2026-06-01 11:51:40,SEED-579,L,298.89,309.23,1952.1,38.92,55.9,HEALTHY,98.4,Low,SEED
2026-06-01 12:01:40,SEED-580,M,295.32,308.46,1224.8,62.25,210.0,FAULTY,68.1,Medium,SEED
2026-06-01 12:11:40,SEED-581,H,300.93,308.03,1860.3,30.25,37.2,HEALTHY,100.0,Low,SEED
2026-06-01 12:21:40,SEED-582,H,300.83,310.02,1734.6,23.96,46.9,HEALTHY,99.9,Low,SEED
2026-06-01 12:31:40,SEED-583,M,299.3,311.34,1837.1,26.19,33.4,HEALTHY,100.0,Low,SEED
2026-06-01 12:41:40,SEED-584,H,299.93,313.16,1202.6,54.64,164.9,HEALTHY,100.0,Medium,SEED
2026-06-01 12:51:40,SEED-585,M,300.56,310.21,1531.2,57.82,102.1,FAULTY,98.3,Medium,SEED
2026-06-01 13:01:40,SEED-586,H,299.95,309.29,2099.5,40.43,4.3,HEALTHY,99.3,Low,SEED
2026-06-01 13:11:40,SEED-587,M,299.13,309.64,1386.4,57.27,151.5,HEALTHY,76.6,Medium,SEED
2026-06-01 13:21:40,SEED-588,H,300.25,309.44,1833.0,27.15,75.7,HEALTHY,99.7,Low,SEED
2026-06-01 13:31:40,SEED-589,L,300.64,310.97,1926.6,20.61,27.3,HEALTHY,99.9,Low,SEED
2026-06-01 13:41:40,SEED-590,M,302.19,312.03,1524.3,49.09,103.3,HEALTHY,99.9,Medium,SEED
2026-06-01 13:51:40,SEED-591,M,300.19,308.87,1776.6,32.48,92.2,HEALTHY,100.0,Low,SEED
2026-06-01 14:01:40,SEED-592,H,299.78,309.2,1425.3,51.9,101.9,HEALTHY,97.8,Medium,SEED
2026-06-01 14:11:40,SEED-593,H,300.3,308.91,1585.6,35.78,3.3,HEALTHY,100.0,Low,SEED
2026-06-01 14:21:40,SEED-594,M,302.71,313.64,1337.6,56.93,129.3,HEALTHY,99.4,Medium,SEED
2026-06-01 14:31:40,SEED-595,L,301.6,310.44,1583.9,52.08,177.4,FAULTY,55.9,Medium,SEED
2026-06-01 14:41:40,SEED-596,M,299.93,311.76,2008.1,20.11,68.3,HEALTHY,100.0,Low,SEED
2026-06-01 14:51:40,SEED-597,H,301.95,311.73,1425.5,56.32,119.6,FAULTY,63.4,Medium,SEED
2026-06-01 15:01:40,SEED-598,H,296.58,313.33,1198.3,61.14,221.8,FAULTY,95.7,High,SEED
2026-06-01 15:11:40,SEED-599,M,301.16,308.28,2178.4,28.38,11.6,HEALTHY,100.0,Low,SEED
2026-06-01 15:21:40,SEED-600,M,296.15,311.7,1334.8,74.36,221.5,FAULTY,98.7,High,SEED
2026-06-01 15:31:40,SEED-601,L,297.19,311.02,1277.1,61.94,227.6,FAULTY,99.9,High,SEED
2026-06-01 15:41:40,SEED-602,M,299.58,311.78,1741.2,33.46,56.8,HEALTHY,100.0,Low,SEED
2026-06-01 15:51:40,SEED-603,H,297.22,313.64,1276.9,63.03,219.4,FAULTY,93.9,High,SEED
2026-06-01 16:01:40,SEED-604,H,302.29,309.8,1323.8,49.23,135.4,FAULTY,99.3,Medium,SEED
2026-06-01 16:11:40,SEED-605,L,297.75,308.35,1200.3,76.49,219.9,FAULTY,100.0,High,SEED
2026-06-01 16:21:40,SEED-606,H,302.0,309.83,1427.2,23.97,56.7,HEALTHY,99.8,Low,SEED
2026-06-01 16:31:40,SEED-607,H,297.03,310.54,1233.1,75.52,247.7,FAULTY,99.3,High,SEED
2026-06-01 16:41:40,SEED-608,H,300.16,311.33,1862.0,38.38,94.0,HEALTHY,99.6,Low,SEED
2026-06-01 16:51:40,SEED-609,L,302.35,312.85,1521.1,52.06,170.5,HEALTHY,96.9,Medium,SEED
2026-06-01 17:01:40,SEED-610,M,301.48,308.13,1475.8,36.58,44.2,HEALTHY,100.0,Low,SEED
2026-06-01 17:11:40,SEED-611,M,298.76,311.89,1616.4,35.01,72.7,HEALTHY,100.0,Low,SEED
2026-06-01 17:21:40,SEED-612,M,296.56,311.27,1345.3,61.83,229.6,FAULTY,87.0,High,SEED
2026-06-01 17:31:40,SEED-613,H,297.4,314.25,1370.9,65.67,229.7,FAULTY,99.6,High,SEED
2026-06-01 17:41:40,SEED-614,M,302.09,309.53,1203.6,48.5,183.8,FAULTY,99.1,Medium,SEED
2026-06-01 17:51:40,SEED-615,M,300.59,313.81,1576.3,55.67,192.5,FAULTY,65.8,Medium,SEED
2026-06-01 18:01:40,SEED-616,L,301.66,308.39,1533.8,25.86,95.9,HEALTHY,100.0,Low,SEED
2026-06-01 18:11:40,SEED-617,M,299.93,309.79,1540.7,51.76,184.9,HEALTHY,85.1,Medium,SEED
2026-06-01 18:21:40,SEED-618,M,299.02,310.25,2142.1,21.65,85.5,HEALTHY,99.9,Low,SEED
2026-06-01 18:31:40,SEED-619,M,298.25,311.78,1402.1,23.31,27.9,HEALTHY,100.0,Low,SEED
2026-06-01 18:41:40,SEED-620,M,299.82,308.85,1845.2,43.76,79.5,HEALTHY,99.9,Low,SEED
2026-06-01 18:51:40,SEED-621,H,295.64,314.37,1217.3,74.26,210.0,FAULTY,96.4,High,SEED
2026-06-01 19:01:40,SEED-622,H,300.89,309.7,1748.0,41.44,21.8,HEALTHY,100.0,Low,SEED
2026-06-01 19:11:40,SEED-623,M,301.27,310.36,2035.0,23.87,39.1,HEALTHY,99.9,Low,SEED
2026-06-01 19:21:40,SEED-624,H,300.65,308.59,1782.4,32.19,76.0,HEALTHY,100.0,Low,SEED
2026-06-01 19:31:40,SEED-625,H,298.91,310.75,1511.4,43.94,68.1,HEALTHY,100.0,Low,SEED
2026-06-01 19:41:40,SEED-626,H,298.81,310.21,2165.3,27.6,75.2,HEALTHY,99.8,Low,SEED
2026-06-01 19:51:40,SEED-627,H,300.24,309.28,1241.5,46.22,197.9,FAULTY,79.1,Medium,SEED
2026-06-01 20:01:40,SEED-628,H,300.62,308.3,2194.9,33.94,63.5,HEALTHY,100.0,Low,SEED
2026-06-01 20:11:40,SEED-629,H,301.67,309.94,2036.9,41.2,29.4,HEALTHY,99.4,Low,SEED
2026-06-01 20:21:40,SEED-630,L,299.57,309.35,2038.5,21.16,30.5,HEALTHY,99.8,Low,SEED
2026-06-01 20:31:40,SEED-631,H,298.4,311.11,1453.3,39.08,37.4,HEALTHY,99.9,Low,SEED
2026-06-01 20:41:40,SEED-632,H,301.51,309.87,1941.9,42.45,4.4,HEALTHY,99.8,Low,SEED
2026-06-01 20:51:40,SEED-633,H,300.85,310.39,1548.7,53.43,180.1,FAULTY,90.9,Medium,SEED
2026-06-01 21:01:40,SEED-634,H,300.14,311.02,1937.9,27.87,99.8,HEALTHY,99.1,Low,SEED
2026-06-01 21:11:40,SEED-635,M,299.35,310.47,2001.6,31.29,13.7,HEALTHY,100.0,Low,SEED
2026-06-01 21:21:40,SEED-636,L,298.94,308.2,1954.3,34.26,69.5,HEALTHY,100.0,Low,SEED
2026-06-01 21:31:40,SEED-637,M,298.49,309.88,1834.4,20.38,92.3,HEALTHY,99.9,Low,SEED
2026-06-01 21:41:40,SEED-638,H,299.42,308.3,1833.2,40.08,13.5,HEALTHY,100.0,Low,SEED
2026-06-01 21:51:40,SEED-639,H,300.33,309.18,1780.6,36.31,55.7,HEALTHY,100.0,Low,SEED
2026-06-01 22:01:40,SEED-640,L,301.08,310.1,1520.1,31.05,64.1,HEALTHY,100.0,Low,SEED
2026-06-01 22:11:40,SEED-641,L,301.54,311.03,1291.1,53.58,147.7,HEALTHY,80.0,Medium,SEED
2026-06-01 22:21:40,SEED-642,L,299.87,311.76,2158.3,29.81,91.9,HEALTHY,100.0,Low,SEED
2026-06-01 22:31:40,SEED-643,M,298.82,311.1,1883.9,30.13,37.0,HEALTHY,100.0,Low,SEED
2026-06-01 22:41:40,SEED-644,M,298.67,310.49,1591.6,25.48,46.4,HEALTHY,100.0,Low,SEED
2026-06-01 22:51:40,SEED-645,L,302.01,313.96,1429.2,53.05,190.4,HEALTHY,99.7,Medium,SEED
2026-06-01 23:01:40,SEED-646,L,302.98,311.39,1307.8,53.89,171.7,FAULTY,100.0,Medium,SEED
2026-06-01 23:11:40,SEED-647,H,298.24,311.23,1755.2,42.91,65.9,HEALTHY,99.7,Low,SEED
2026-06-01 23:21:40,SEED-648,L,301.07,309.1,2154.0,35.44,44.9,HEALTHY,100.0,Low,SEED
2026-06-01 23:31:40,SEED-649,H,301.99,311.38,1778.1,31.63,53.0,HEALTHY,99.8,Low,SEED
2026-06-01 23:41:40,SEED-650,H,300.91,311.28,1913.8,28.94,2.1,HEALTHY,99.9,Low,SEED
2026-06-01 23:51:40,SEED-651,M,299.27,310.72,1963.9,44.72,29.4,HEALTHY,68.2,Medium,SEED
2026-06-02 00:01:40,SEED-652,M,301.8,311.94,1589.8,31.85,15.8,HEALTHY,100.0,Low,SEED
2026-06-02 00:11:40,SEED-653,M,298.02,308.91,1991.6,21.77,16.5,HEALTHY,100.0,Low,SEED
2026-06-02 00:21:40,SEED-654,H,299.5,311.01,1616.9,35.23,8.9,HEALTHY,100.0,Low,SEED
2026-06-02 00:31:40,SEED-655,L,302.09,311.96,1209.9,55.22,107.4,HEALTHY,85.4,Medium,SEED
2026-06-02 00:41:40,SEED-656,L,301.08,313.37,1474.3,50.89,199.5,HEALTHY,92.2,Medium,SEED
2026-06-02 00:51:40,SEED-657,M,299.89,311.27,1639.4,41.32,65.2,HEALTHY,100.0,Low,SEED
2026-06-02 01:01:40,SEED-658,H,297.64,309.1,1346.5,61.7,241.8,FAULTY,97.6,High,SEED
2026-06-02 01:11:40,SEED-659,M,300.7,310.64,1455.7,42.78,1.0,HEALTHY,99.9,Low,SEED
2026-06-02 01:21:40,SEED-660,L,298.74,308.34,1765.1,22.43,73.2,HEALTHY,100.0,Low,SEED
2026-06-02 01:31:40,SEED-661,H,300.68,310.04,1620.3,25.3,80.9,HEALTHY,99.7,Low,SEED
2026-06-02 01:41:40,SEED-662,H,300.07,310.65,1966.9,31.95,95.6,HEALTHY,99.6,Low,SEED
2026-06-02 01:51:40,SEED-663,M,298.62,308.3,1493.1,21.64,73.1,HEALTHY,100.0,Low,SEED
2026-06-02 02:01:40,SEED-664,M,298.63,311.55,2176.7,38.76,15.4,HEALTHY,99.9,Low,SEED
2026-06-02 02:11:40,SEED-665,L,302.98,310.65,1408.6,51.83,154.2,HEALTHY,94.9,Medium,SEED
2026-06-02 02:21:40,SEED-666,L,300.04,309.72,1430.1,54.94,159.3,FAULTY,89.7,Medium,SEED
2026-06-02 02:31:40,SEED-667,L,298.41,311.86,1527.7,39.28,67.7,HEALTHY,100.0,Low,SEED
2026-06-02 02:41:40,SEED-668,H,301.33,309.74,2068.7,39.18,59.4,HEALTHY,99.3,Low,SEED
2026-06-02 02:51:40,SEED-669,M,302.01,309.13,1231.7,51.46,154.3,FAULTY,97.2,Medium,SEED
2026-06-02 03:01:40,SEED-670,L,301.56,310.14,1843.0,42.51,19.3,HEALTHY,99.9,Low,SEED
2026-06-02 03:11:40,SEED-671,H,300.39,309.83,2177.0,42.69,81.1,HEALTHY,57.6,Medium,SEED
2026-06-02 03:21:40,SEED-672,L,300.24,308.99,1996.8,37.14,64.7,HEALTHY,100.0,Low,SEED
2026-06-02 03:31:40,SEED-673,L,300.37,309.18,1517.6,22.17,22.7,HEALTHY,100.0,Low,SEED
2026-06-02 03:41:40,SEED-674,H,298.16,308.58,1836.6,26.28,87.4,HEALTHY,99.7,Low,SEED
2026-06-02 03:51:40,SEED-675,L,298.13,308.54,2196.2,36.41,95.2,HEALTHY,99.2,Low,SEED
2026-06-02 04:01:40,SEED-676,M,298.8,311.5,1896.2,27.26,35.4,HEALTHY,100.0,Low,SEED
2026-06-02 04:11:40,SEED-677,M,295.39,315.6,1171.8,61.74,245.1,FAULTY,80.1,High,SEED
2026-06-02 04:21:40,SEED-678,M,299.37,308.8,1554.0,40.97,57.5,HEALTHY,100.0,Low,SEED
2026-06-02 04:31:40,SEED-679,M,299.95,309.68,1392.6,57.07,174.6,FAULTY,56.7,Medium,SEED
2026-06-02 04:41:40,SEED-680,M,298.7,311.76,1531.3,37.13,71.8,HEALTHY,100.0,Low,SEED
2026-06-02 04:51:40,SEED-681,M,301.8,311.43,1251.7,52.5,171.2,HEALTHY,97.2,Medium,SEED
2026-06-02 05:01:40,SEED-682,L,299.38,311.9,1589.5,22.67,53.8,HEALTHY,100.0,Low,SEED
2026-06-02 05:11:40,SEED-683,L,301.95,309.45,1628.4,28.56,71.5,HEALTHY,100.0,Low,SEED
2026-06-02 05:21:40,SEED-684,M,301.33,311.66,1401.4,33.05,5.9,HEALTHY,100.0,Low,SEED
2026-06-02 05:31:40,SEED-685,M,301.97,310.24,1679.2,21.93,73.3,HEALTHY,99.9,Low,SEED
2026-06-02 05:41:40,SEED-686,M,300.34,309.69,2061.1,29.4,25.2,HEALTHY,100.0,Low,SEED
2026-06-02 05:51:40,SEED-687,M,301.45,313.24,1239.3,49.52,185.2,HEALTHY,100.0,Medium,SEED
2026-06-02 06:01:40,SEED-688,M,301.85,309.28,1508.0,53.11,127.6,HEALTHY,99.2,Medium,SEED
2026-06-02 06:11:40,SEED-689,H,301.44,308.84,1831.2,34.95,25.1,HEALTHY,100.0,Low,SEED
2026-06-02 06:21:40,SEED-690,L,301.53,311.82,1985.6,25.23,86.9,HEALTHY,99.9,Low,SEED
2026-06-02 06:31:40,SEED-691,H,298.66,308.61,2149.6,40.12,46.2,HEALTHY,61.9,Medium,SEED
2026-06-02 06:41:40,SEED-692,M,295.29,315.32,1253.7,60.67,211.0,FAULTY,53.4,Medium,SEED
2026-06-02 06:51:40,SEED-693,H,298.67,309.21,2167.3,29.98,29.6,HEALTHY,100.0,Low,SEED
2026-06-02 07:01:40,SEED-694,L,297.66,313.26,1327.7,68.44,232.5,FAULTY,99.9,High,SEED
2026-06-02 07:11:40,SEED-695,M,298.48,309.01,1551.6,42.24,40.1,HEALTHY,100.0,Low,SEED
2026-06-02 07:21:40,SEED-696,L,299.36,309.58,1670.5,21.67,68.2,HEALTHY,98.6,Low,SEED
2026-06-02 07:31:40,SEED-697,M,298.24,310.93,2084.4,31.81,51.6,HEALTHY,100.0,Low,SEED
2026-06-02 07:41:40,SEED-698,H,300.97,310.0,1211.6,55.67,177.0,FAULTY,51.0,Medium,SEED
2026-06-02 07:51:40,SEED-699,M,301.06,311.23,1470.3,46.73,181.4,HEALTHY,98.1,Medium,SEED
2026-06-02 08:01:40,SEED-700,L,301.93,310.15,1913.9,22.85,26.7,HEALTHY,100.0,Low,SEED
2026-06-02 08:11:40,SEED-701,M,299.84,309.21,1454.3,25.61,37.6,HEALTHY,100.0,Low,SEED
2026-06-02 08:21:40,SEED-702,H,298.1,311.13,1826.3,38.8,44.1,HEALTHY,99.9,Low,SEED
2026-06-02 08:31:40,SEED-703,H,299.38,309.24,1666.8,23.05,29.3,HEALTHY,99.7,Low,SEED
2026-06-02 08:41:40,SEED-704,H,301.32,311.06,1909.6,23.44,20.6,HEALTHY,100.0,Low,SEED
2026-06-02 08:51:40,SEED-705,L,299.66,310.59,2065.1,37.72,41.1,HEALTHY,98.7,Low,SEED
2026-06-02 09:01:40,SEED-706,M,300.0,311.93,1888.1,22.15,8.6,HEALTHY,100.0,Low,SEED
2026-06-02 09:11:40,SEED-707,M,302.23,313.63,1412.1,50.72,168.8,HEALTHY,100.0,Medium,SEED
2026-06-02 09:21:40,SEED-708,L,299.57,309.55,2066.9,40.28,56.1,HEALTHY,98.7,Low,SEED
2026-06-02 09:31:40,SEED-709,M,298.57,311.85,1890.9,32.28,37.4,HEALTHY,100.0,Low,SEED
2026-06-02 09:41:40,SEED-710,M,300.25,311.93,1338.0,52.83,191.1,HEALTHY,100.0,Medium,SEED
2026-06-02 09:51:40,SEED-711,H,298.01,310.06,1644.1,29.62,97.2,HEALTHY,99.9,Low,SEED
2026-06-02 10:01:40,SEED-712,M,295.49,309.22,1362.1,66.34,231.8,FAULTY,97.5,High,SEED
2026-06-02 10:11:40,SEED-713,M,302.36,309.29,1585.9,57.77,173.4,FAULTY,65.1,Medium,SEED
2026-06-02 10:21:40,SEED-714,H,301.2,308.87,1542.0,32.01,88.3,HEALTHY,100.0,Low,SEED
2026-06-02 10:31:40,SEED-715,M,298.79,311.92,2154.3,33.28,46.9,HEALTHY,100.0,Low,SEED
2026-06-02 10:41:40,SEED-716,H,299.2,310.8,1877.6,29.72,32.0,HEALTHY,100.0,Low,SEED
2026-06-02 10:51:40,SEED-717,L,302.37,311.15,1459.3,57.23,116.5,HEALTHY,56.7,Medium,SEED
2026-06-02 11:01:40,SEED-718,H,300.26,309.75,1496.2,51.81,166.3,FAULTY,56.1,Medium,SEED
2026-06-02 11:11:40,SEED-719,M,295.93,314.61,1199.2,74.76,252.6,FAULTY,98.0,High,SEED
2026-06-02 11:21:40,SEED-720,L,300.8,311.69,1402.7,55.97,155.8,FAULTY,55.2,Medium,SEED
2026-06-02 11:31:40,SEED-721,L,300.45,309.24,1508.1,34.98,58.4,HEALTHY,99.7,Low,SEED
2026-06-02 11:41:40,SEED-722,M,301.93,310.66,1989.4,39.86,83.8,HEALTHY,99.8,Low,SEED
2026-06-02 11:51:40,SEED-723,H,301.55,309.81,2059.4,30.75,56.1,HEALTHY,99.9,Low,SEED
2026-06-02 12:01:40,SEED-724,L,300.4,311.22,1384.4,56.8,127.3,HEALTHY,57.4,Medium,SEED
2026-06-02 12:11:40,SEED-725,H,302.75,309.66,1579.8,52.77,108.5,HEALTHY,99.6,Medium,SEED
2026-06-02 12:21:40,SEED-726,H,299.21,310.09,1763.3,42.08,81.2,HEALTHY,99.2,Low,SEED
2026-06-02 12:31:40,SEED-727,M,302.73,309.92,1492.6,56.27,138.4,HEALTHY,99.0,Medium,SEED
2026-06-02 12:41:40,SEED-728,L,301.21,310.23,1468.4,24.08,98.7,HEALTHY,99.9,Low,SEED
2026-06-02 12:51:40,SEED-729,H,300.22,310.86,1820.9,31.35,34.1,HEALTHY,99.6,Low,SEED
2026-06-02 13:01:40,SEED-730,H,299.42,311.48,1754.0,40.65,86.2,HEALTHY,100.0,Low,SEED
2026-06-02 13:11:40,SEED-731,H,297.87,314.68,1392.8,61.36,240.3,FAULTY,95.4,High,SEED
2026-06-02 13:21:40,SEED-732,M,297.57,314.04,1224.1,60.25,234.5,FAULTY,80.9,High,SEED
2026-06-02 13:31:40,SEED-733,M,300.58,309.67,1565.0,29.09,88.0,HEALTHY,99.9,Low,SEED
2026-06-02 13:41:40,SEED-734,M,302.36,312.21,1298.6,49.99,160.4,HEALTHY,99.8,Medium,SEED
2026-06-02 13:51:40,SEED-735,L,298.24,308.14,2022.8,36.12,97.9,HEALTHY,100.0,Low,SEED
2026-06-02 14:01:40,SEED-736,M,300.86,308.56,1929.4,36.03,10.8,HEALTHY,100.0,Low,SEED
2026-06-02 14:11:40,SEED-737,M,302.89,313.28,1378.6,48.76,172.2,HEALTHY,99.1,Medium,SEED
2026-06-02 14:21:40,SEED-738,L,295.25,315.9,1248.6,61.7,224.3,FAULTY,99.7,High,SEED
2026-06-02 14:31:40,SEED-739,L,300.77,311.88,1506.1,42.19,77.0,HEALTHY,100.0,Low,SEED
2026-06-02 14:41:40,SEED-740,M,298.73,310.98,2002.7,44.25,47.4,HEALTHY,72.4,Low,SEED
2026-06-02 14:51:40,SEED-741,M,302.28,312.74,1430.5,57.74,140.9,HEALTHY,86.7,Medium,SEED
2026-06-02 15:01:40,SEED-742,L,300.08,311.0,1909.7,34.84,87.3,HEALTHY,99.9,Low,SEED
2026-06-02 15:11:40,SEED-743,M,301.6,310.33,1836.2,39.05,64.8,HEALTHY,99.9,Low,SEED
2026-06-02 15:21:40,SEED-744,H,301.23,310.94,1701.0,38.74,95.5,HEALTHY,99.5,Low,SEED
2026-06-02 15:31:40,SEED-745,H,301.66,311.32,1943.8,24.1,35.6,HEALTHY,100.0,Low,SEED
2026-06-02 15:41:40,SEED-746,H,301.5,312.61,1222.6,50.89,101.4,HEALTHY,100.0,Medium,SEED
2026-06-02 15:51:40,SEED-747,M,300.3,310.43,1309.1,49.27,181.7,HEALTHY,97.6,Medium,SEED
2026-06-02 16:01:40,SEED-748,M,300.68,308.36,2064.6,38.22,23.4,HEALTHY,100.0,Low,SEED
2026-06-02 16:11:40,SEED-749,L,298.3,311.52,2144.3,41.52,65.6,HEALTHY,82.9,Low,SEED
2026-06-02 16:21:40,SEED-750,H,300.65,309.81,1486.6,31.18,73.0,HEALTHY,99.7,Low,SEED
2026-06-02 16:31:40,SEED-751,M,301.23,310.51,1786.4,33.81,54.8,HEALTHY,100.0,Low,SEED
2026-06-02 16:41:40,SEED-752,H,296.46,311.49,1255.3,69.8,232.2,FAULTY,98.5,High,SEED
2026-06-02 16:51:40,SEED-753,M,301.86,310.9,1287.1,50.5,181.7,HEALTHY,95.5,Medium,SEED
2026-06-02 17:01:40,SEED-754,H,300.19,309.68,1847.9,37.14,24.5,HEALTHY,99.9,Low,SEED
2026-06-02 17:11:40,SEED-755,L,300.64,309.9,1480.9,43.85,93.1,HEALTHY,98.6,Low,SEED
2026-06-02 17:21:40,SEED-756,L,301.34,311.43,1494.1,54.96,129.7,HEALTHY,83.4,Medium,SEED
2026-06-02 17:31:40,SEED-757,L,299.03,311.89,1425.3,35.06,63.8,HEALTHY,100.0,Low,SEED
2026-06-02 17:41:40,SEED-758,L,300.01,309.11,1340.2,57.06,115.4,HEALTHY,97.8,Medium,SEED
2026-06-02 17:51:40,SEED-759,H,301.16,308.08,1992.1,38.87,5.5,HEALTHY,100.0,Low,SEED
2026-06-02 18:01:40,SEED-760,H,300.69,309.73,1558.5,47.45,199.5,HEALTHY,59.5,Medium,SEED
2026-06-02 18:11:40,SEED-761,M,296.76,309.52,1376.0,70.57,229.9,FAULTY,98.0,High,SEED
2026-06-02 18:21:40,SEED-762,M,299.25,313.96,1505.4,52.64,113.8,HEALTHY,99.9,Medium,SEED
2026-06-02 18:31:40,SEED-763,L,301.09,310.77,1467.9,57.48,154.7,FAULTY,96.9,Medium,SEED
2026-06-02 18:41:40,SEED-764,L,302.18,313.55,1269.0,46.1,152.3,HEALTHY,100.0,Medium,SEED
2026-06-02 18:51:40,SEED-765,M,300.06,309.45,1568.4,49.45,153.2,HEALTHY,99.2,Medium,SEED
2026-06-02 19:01:40,SEED-766,H,302.59,312.56,1388.5,55.95,197.4,FAULTY,57.4,Medium,SEED
2026-06-02 19:11:40,SEED-767,H,299.78,308.73,1866.4,30.01,40.8,HEALTHY,100.0,Low,SEED
2026-06-02 19:21:40,SEED-768,M,300.19,311.02,1378.4,55.83,191.8,FAULTY,63.7,Medium,SEED
2026-06-02 19:31:40,SEED-769,M,298.4,311.77,2119.2,36.97,81.8,HEALTHY,100.0,Low,SEED
2026-06-02 19:41:40,SEED-770,H,300.51,312.04,1301.7,48.82,117.3,HEALTHY,100.0,Medium,SEED
2026-06-02 19:51:40,SEED-771,M,298.49,311.78,1671.8,22.11,39.3,HEALTHY,100.0,Low,SEED
2026-06-02 20:01:40,SEED-772,L,302.85,309.73,1369.5,55.44,189.4,FAULTY,99.6,Medium,SEED
2026-06-02 20:11:40,SEED-773,L,301.55,311.96,1556.3,49.88,160.0,HEALTHY,91.0,Medium,SEED
2026-06-02 20:21:40,SEED-774,M,302.56,312.13,1526.7,56.6,192.1,FAULTY,97.6,Medium,SEED
2026-06-02 20:31:40,SEED-775,M,299.39,311.01,1853.5,27.69,35.3,HEALTHY,100.0,Low,SEED
2026-06-02 20:41:40,SEED-776,M,299.36,311.95,1929.0,42.74,62.3,HEALTHY,99.9,Low,SEED
2026-06-02 20:51:40,SEED-777,H,298.54,308.59,1863.1,39.4,8.0,HEALTHY,100.0,Low,SEED
2026-06-02 21:01:40,SEED-778,H,300.23,309.27,1550.7,46.18,174.4,HEALTHY,94.0,Medium,SEED
2026-06-02 21:11:40,SEED-779,M,301.19,310.03,2014.4,37.26,40.6,HEALTHY,99.9,Low,SEED
2026-06-02 21:21:40,SEED-780,M,300.73,309.11,1506.9,56.71,110.2,HEALTHY,95.6,Medium,SEED
2026-06-02 21:31:40,SEED-781,M,299.99,310.51,1877.6,32.13,87.0,HEALTHY,100.0,Low,SEED
2026-06-02 21:41:40,SEED-782,H,301.89,309.72,1440.3,21.19,68.2,HEALTHY,98.7,Low,SEED
2026-06-02 21:51:40,SEED-783,H,301.51,312.24,1436.1,56.5,140.4,FAULTY,54.7,Medium,SEED
2026-06-02 22:01:40,SEED-784,H,298.29,311.56,2164.0,34.19,58.1,HEALTHY,99.9,Low,SEED
2026-06-02 22:11:40,SEED-785,H,296.94,313.5,1340.7,75.94,239.6,FAULTY,98.6,High,SEED
2026-06-02 22:21:40,SEED-786,H,301.93,308.37,2068.0,37.24,77.2,HEALTHY,99.9,Low,SEED
2026-06-02 22:31:40,SEED-787,H,301.19,311.03,1514.3,41.85,30.4,HEALTHY,99.8,Low,SEED
2026-06-02 22:41:40,SEED-788,M,302.04,313.85,1564.6,52.73,114.5,HEALTHY,99.7,Medium,SEED
2026-06-02 22:51:40,SEED-789,L,301.02,308.54,1411.9,25.96,4.2,HEALTHY,100.0,Low,SEED
2026-06-02 23:01:40,SEED-790,M,299.21,309.49,1597.3,39.19,58.6,HEALTHY,100.0,Low,SEED
2026-06-02 23:11:40,SEED-791,M,302.87,312.07,1567.4,52.07,156.7,HEALTHY,98.6,Medium,SEED
2026-06-02 23:21:40,SEED-792,L,299.84,310.84,2182.8,38.18,41.7,HEALTHY,99.3,Low,SEED
2026-06-02 23:31:40,SEED-793,L,299.77,311.67,1465.7,25.95,78.2,HEALTHY,99.9,Low,SEED
2026-06-02 23:41:40,SEED-794,H,301.85,311.89,2091.2,41.9,7.2,HEALTHY,91.0,Low,SEED
2026-06-02 23:51:40,SEED-795,H,298.6,310.47,1480.7,24.39,6.4,HEALTHY,100.0,Low,SEED
2026-06-03 00:01:40,SEED-796,H,297.19,309.46,1260.5,60.56,250.2,FAULTY,96.9,High,SEED
2026-06-03 00:11:40,SEED-797,H,297.36,313.93,1366.5,64.98,248.5,FAULTY,99.6,High,SEED
2026-06-03 00:21:40,SEED-798,H,299.13,311.08,1463.1,49.14,111.5,HEALTHY,99.4,Medium,SEED
2026-06-03 00:31:40,SEED-799,L,300.43,311.81,1770.3,44.18,61.0,HEALTHY,99.9,Low,SEED
2026-06-03 00:41:40,SEED-800,H,301.26,310.68,1622.7,36.59,24.8,HEALTHY,100.0,Low,SEED
2026-06-03 00:51:40,SEED-801,H,301.53,308.49,1953.4,24.33,43.5,HEALTHY,100.0,Low,SEED
2026-06-03 01:01:40,SEED-802,L,302.62,311.59,1347.6,52.72,130.0,FAULTY,67.5,Medium,SEED
2026-06-03 01:11:40,SEED-803,H,299.8,309.93,1561.8,24.63,94.9,HEALTHY,99.5,Low,SEED
2026-06-03 01:21:40,SEED-804,M,300.19,313.54,1336.2,50.52,110.0,HEALTHY,100.0,Medium,SEED
2026-06-03 01:31:40,SEED-805,L,297.27,312.47,1208.0,75.67,226.3,FAULTY,99.9,High,SEED
2026-06-03 01:41:40,SEED-806,H,301.34,312.42,1223.7,55.33,133.0,HEALTHY,99.7,Medium,SEED
2026-06-03 01:51:40,SEED-807,M,300.88,310.27,1896.1,44.62,35.4,HEALTHY,99.6,Low,SEED
2026-06-03 02:01:40,SEED-808,H,298.34,310.09,2022.3,26.93,46.8,HEALTHY,99.8,Low,SEED
2026-06-03 02:11:40,SEED-809,M,296.08,314.97,1279.3,61.46,252.3,FAULTY,85.6,High,SEED
2026-06-03 02:21:40,SEED-810,H,299.79,312.8,1548.3,46.76,124.9,HEALTHY,100.0,Medium,SEED
2026-06-03 02:31:40,SEED-811,M,296.36,314.97,1328.2,66.46,225.2,FAULTY,98.3,High,SEED
2026-06-03 02:41:40,SEED-812,M,298.79,310.5,1917.2,35.52,75.6,HEALTHY,100.0,Low,SEED
2026-06-03 02:51:40,SEED-813,H,300.47,310.74,1594.2,25.08,31.7,HEALTHY,100.0,Low,SEED
2026-06-03 03:01:40,SEED-814,L,301.08,308.92,2064.2,23.81,0.3,HEALTHY,100.0,Low,SEED
2026-06-03 03:11:40,SEED-815,M,302.53,311.08,1428.8,52.37,107.6,HEALTHY,80.8,Medium,SEED
2026-06-03 03:21:40,SEED-816,H,301.97,311.59,1433.2,57.81,138.5,FAULTY,87.9,Medium,SEED
2026-06-03 03:31:40,SEED-817,H,301.28,308.55,2016.3,40.46,3.1,HEALTHY,99.9,Low,SEED
2026-06-03 03:41:40,SEED-818,M,300.6,309.86,2056.2,44.93,11.8,HEALTHY,64.0,Medium,SEED
2026-06-03 03:51:40,SEED-819,H,300.5,312.55,1534.9,52.87,100.0,HEALTHY,99.8,Medium,SEED
2026-06-03 04:01:40,SEED-820,H,299.79,312.43,1461.5,51.53,150.5,HEALTHY,99.3,Medium,SEED
2026-06-03 04:11:40,SEED-821,L,301.13,310.14,2040.5,44.17,56.0,HEALTHY,80.8,Low,SEED
2026-06-03 04:21:40,SEED-822,H,298.65,308.34,2062.2,32.77,21.8,HEALTHY,100.0,Low,SEED
2026-06-03 04:31:40,SEED-823,M,298.28,310.3,1835.2,40.28,79.0,HEALTHY,100.0,Low,SEED
2026-06-03 04:41:40,SEED-824,M,302.07,312.32,1215.7,46.64,187.6,HEALTHY,99.5,Medium,SEED
2026-06-03 04:51:40,SEED-825,M,298.3,308.5,1550.6,43.76,12.3,HEALTHY,100.0,Low,SEED
2026-06-03 05:01:40,SEED-826,M,301.08,309.51,1737.0,34.53,22.4,HEALTHY,100.0,Low,SEED
2026-06-03 05:11:40,SEED-827,H,299.23,309.44,1203.6,56.77,166.4,HEALTHY,82.6,Medium,SEED
2026-06-03 05:21:40,SEED-828,M,296.25,315.36,1317.6,72.71,208.2,FAULTY,95.8,High,SEED
2026-06-03 05:31:40,SEED-829,H,302.93,311.12,1308.0,49.59,140.0,FAULTY,99.9,Medium,SEED
2026-06-03 05:41:40,SEED-830,L,300.33,309.05,1782.8,42.62,16.6,HEALTHY,100.0,Low,SEED
2026-06-03 05:51:40,SEED-831,M,298.01,311.04,1710.5,36.46,73.9,HEALTHY,100.0,Low,SEED
2026-06-03 06:01:40,SEED-832,M,300.89,309.28,1484.7,21.68,93.8,HEALTHY,100.0,Low,SEED
2026-06-03 06:11:40,SEED-833,L,297.28,315.09,1288.3,66.15,252.8,FAULTY,99.4,High,SEED
2026-06-03 06:21:40,SEED-834,M,299.61,310.78,1300.8,50.52,152.7,HEALTHY,99.8,Medium,SEED
2026-06-03 06:31:40,SEED-835,H,302.01,310.84,1209.9,48.02,173.9,FAULTY,62.1,Medium,SEED
2026-06-03 06:41:40,SEED-836,L,301.17,311.82,1822.5,43.92,8.5,HEALTHY,100.0,Low,SEED
2026-06-03 06:51:40,SEED-837,L,300.83,310.48,1750.1,31.31,71.5,HEALTHY,99.7,Low,SEED
2026-06-03 07:01:40,SEED-838,M,295.5,308.35,1281.1,76.63,224.5,FAULTY,99.1,High,SEED
2026-06-03 07:11:40,SEED-839,H,301.71,311.91,2106.4,35.79,68.7,HEALTHY,99.9,Low,SEED
2026-06-03 07:21:40,SEED-840,L,299.79,310.72,1574.6,49.91,192.5,FAULTY,53.6,Medium,SEED
2026-06-03 07:31:40,SEED-841,L,300.81,311.86,2026.4,36.35,40.7,HEALTHY,99.9,Low,SEED
2026-06-03 07:41:40,SEED-842,M,300.99,310.4,1963.5,24.04,54.8,HEALTHY,100.0,Low,SEED
2026-06-03 07:51:40,SEED-843,L,297.04,311.44,1349.6,63.82,227.5,FAULTY,99.8,High,SEED
2026-06-03 08:01:40,SEED-844,H,299.84,308.44,1757.5,35.24,20.2,HEALTHY,100.0,Low,SEED
2026-06-03 08:11:40,SEED-845,H,299.67,310.73,2001.6,42.59,28.8,HEALTHY,95.8,Low,SEED
2026-06-03 08:21:40,SEED-846,H,298.08,309.84,1540.6,40.35,8.1,HEALTHY,100.0,Low,SEED
2026-06-03 08:31:40,SEED-847,H,299.12,309.57,1740.3,41.46,1.5,HEALTHY,99.8,Low,SEED
2026-06-03 08:41:40,SEED-848,M,301.9,310.05,2030.7,39.83,28.6,HEALTHY,99.9,Low,SEED
2026-06-03 08:51:40,SEED-849,M,300.9,309.81,1901.6,23.54,54.4,HEALTHY,100.0,Low,SEED
2026-06-03 09:01:40,SEED-850,L,296.11,311.7,1298.7,75.18,219.8,FAULTY,99.8,High,SEED
2026-06-03 09:11:40,SEED-851,H,301.31,313.44,1599.3,49.73,103.3,HEALTHY,99.9,Medium,SEED
2026-06-03 09:21:40,SEED-852,L,299.26,310.38,2101.4,36.17,25.1,HEALTHY,99.7,Low,SEED
2026-06-03 09:31:40,SEED-853,M,298.46,311.05,1420.8,26.1,42.0,HEALTHY,99.7,Low,SEED
2026-06-03 09:41:40,SEED-854,H,300.07,308.88,1633.3,38.02,87.3,HEALTHY,100.0,Low,SEED
2026-06-03 09:51:40,SEED-855,M,296.21,312.53,1173.2,76.48,212.4,FAULTY,95.8,High,SEED
2026-06-03 10:01:40,SEED-856,L,299.53,308.1,1719.8,24.16,73.8,HEALTHY,100.0,Low,SEED
2026-06-03 10:11:40,SEED-857,M,300.82,310.81,2192.7,34.54,79.2,HEALTHY,100.0,Low,SEED
2026-06-03 10:21:40,SEED-858,H,301.76,309.67,1481.5,30.03,16.7,HEALTHY,100.0,Low,SEED
2026-06-03 10:31:40,SEED-859,M,301.48,308.02,1871.1,26.42,62.8,HEALTHY,100.0,Low,SEED
2026-06-03 10:41:40,SEED-860,H,301.77,310.38,1524.1,28.0,19.4,HEALTHY,100.0,Low,SEED
2026-06-03 10:51:40,SEED-861,M,295.52,315.06,1271.7,66.76,223.8,FAULTY,89.0,High,SEED
2026-06-03 11:01:40,SEED-862,L,301.46,309.15,2002.6,31.19,59.6,HEALTHY,100.0,Low,SEED
2026-06-03 11:11:40,SEED-863,M,301.18,309.16,1536.5,31.96,3.8,HEALTHY,100.0,Low,SEED
2026-06-03 11:21:40,SEED-864,H,298.4,311.71,1578.8,29.6,71.5,HEALTHY,100.0,Low,SEED
2026-06-03 11:31:40,SEED-865,L,300.01,313.38,1390.5,46.44,136.5,HEALTHY,100.0,Medium,SEED
2026-06-03 11:41:40,SEED-866,L,299.16,308.44,1789.3,39.49,61.9,HEALTHY,100.0,Low,SEED
2026-06-03 11:51:40,SEED-867,H,300.49,312.89,1521.0,54.61,134.5,HEALTHY,98.5,Medium,SEED
2026-06-03 12:01:40,SEED-868,H,298.7,309.79,1555.8,32.11,87.9,HEALTHY,99.3,Low,SEED
2026-06-03 12:11:40,SEED-869,L,299.06,311.68,1625.8,24.47,60.5,HEALTHY,100.0,Low,SEED
2026-06-03 12:21:40,SEED-870,M,298.33,310.51,1495.0,31.08,70.4,HEALTHY,100.0,Low,SEED
2026-06-03 12:31:40,SEED-871,L,301.89,309.96,1834.2,41.72,73.6,HEALTHY,99.8,Low,SEED
2026-06-03 12:41:40,SEED-872,M,301.15,309.77,2097.1,30.32,68.9,HEALTHY,100.0,Low,SEED
2026-06-03 12:51:40,SEED-873,M,297.34,309.99,1202.5,73.1,235.4,FAULTY,99.1,High,SEED
2026-06-03 13:01:40,SEED-874,H,300.12,311.18,1906.0,24.51,13.5,HEALTHY,100.0,Low,SEED
2026-06-03 13:11:40,SEED-875,M,300.23,310.57,1747.5,24.87,68.7,HEALTHY,99.9,Low,SEED
2026-06-03 13:21:40,SEED-876,H,301.22,311.13,1412.6,21.08,57.4,HEALTHY,99.7,Low,SEED
2026-06-03 13:31:40,SEED-877,L,299.53,311.65,1773.4,39.01,35.5,HEALTHY,100.0,Low,SEED
2026-06-03 13:41:40,SEED-878,H,298.92,311.41,1624.2,39.1,15.2,HEALTHY,100.0,Low,SEED
2026-06-03 13:51:40,SEED-879,H,299.85,311.6,1993.8,24.87,76.3,HEALTHY,100.0,Low,SEED
2026-06-03 14:01:40,SEED-880,L,301.4,310.86,1613.2,31.05,72.7,HEALTHY,99.7,Low,SEED
2026-06-03 14:11:40,SEED-881,M,298.29,308.38,2161.5,32.55,77.4,HEALTHY,100.0,Low,SEED
2026-06-03 14:21:40,SEED-882,L,296.35,314.25,1306.9,74.18,244.8,FAULTY,99.8,High,SEED
2026-06-03 14:31:40,SEED-883,H,296.36,315.1,1376.5,66.06,248.4,FAULTY,99.5,High,SEED
2026-06-03 14:41:40,SEED-884,M,301.17,311.48,1737.0,37.07,11.6,HEALTHY,100.0,Low,SEED
2026-06-03 14:51:40,SEED-885,M,301.36,309.81,1487.2,48.0,190.3,HEALTHY,99.3,Medium,SEED
2026-06-03 15:01:40,SEED-886,H,299.81,309.68,1525.2,29.36,18.0,HEALTHY,99.9,Low,SEED
2026-06-03 15:11:40,SEED-887,H,298.49,308.79,1865.9,40.11,66.2,HEALTHY,99.9,Low,SEED
2026-06-03 15:21:40,SEED-888,H,298.63,309.48,2144.8,32.08,95.6,HEALTHY,99.4,Low,SEED
2026-06-03 15:31:40,SEED-889,H,299.78,312.77,1465.1,51.13,106.1,HEALTHY,99.9,Medium,SEED
2026-06-03 15:41:40,SEED-890,M,301.49,310.09,1330.9,55.58,169.0,HEALTHY,66.6,Medium,SEED
2026-06-03 15:51:40,SEED-891,M,299.91,312.14,1340.3,48.33,138.0,HEALTHY,100.0,Medium,SEED
2026-06-03 16:01:40,SEED-892,M,299.09,308.38,1658.0,20.57,55.9,HEALTHY,100.0,Low,SEED
2026-06-03 16:11:40,SEED-893,L,298.28,311.5,2006.7,43.13,99.3,HEALTHY,77.6,Low,SEED
2026-06-03 16:21:40,SEED-894,H,300.22,309.38,1948.8,25.77,44.6,HEALTHY,99.5,Low,SEED
2026-06-03 16:31:40,SEED-895,M,295.99,310.24,1251.3,69.73,200.1,FAULTY,95.6,High,SEED
2026-06-03 16:41:40,SEED-896,L,300.78,309.87,1487.4,36.79,29.1,HEALTHY,99.1,Low,SEED
2026-06-03 16:51:40,SEED-897,H,298.21,309.73,2063.6,22.39,75.2,HEALTHY,99.9,Low,SEED
2026-06-03 17:01:40,SEED-898,L,300.57,309.39,1975.4,41.57,42.7,HEALTHY,99.4,Low,SEED
2026-06-03 17:11:40,SEED-899,L,298.24,311.75,2003.6,27.22,85.4,HEALTHY,100.0,Low,SEED
2026-06-03 17:21:40,SEED-900,L,302.9,311.91,1232.6,57.59,109.7,HEALTHY,50.2,Medium,SEED
2026-06-03 17:31:40,SEED-901,H,299.79,312.92,1502.7,46.29,134.2,HEALTHY,100.0,Medium,SEED
2026-06-03 17:41:40,SEED-902,L,298.67,308.64,1838.2,42.29,24.4,HEALTHY,99.8,Low,SEED
2026-06-03 17:51:40,SEED-903,L,298.11,311.32,1607.0,35.28,24.1,HEALTHY,100.0,Low,SEED
2026-06-03 18:01:40,SEED-904,M,297.3,310.22,1261.6,67.3,233.7,FAULTY,95.2,High,SEED
2026-06-03 18:11:40,SEED-905,M,302.7,311.13,1242.6,50.37,136.4,FAULTY,99.9,Medium,SEED
2026-06-03 18:21:40,SEED-906,L,299.27,309.92,1677.4,27.03,6.8,HEALTHY,99.7,Low,SEED
2026-06-03 18:31:40,SEED-907,L,300.01,309.24,1271.4,51.09,133.4,HEALTHY,86.8,Medium,SEED
2026-06-03 18:41:40,SEED-908,M,295.04,308.45,1269.2,69.29,228.3,FAULTY,99.0,High,SEED
2026-06-03 18:51:40,SEED-909,H,299.68,309.41,2129.2,32.16,74.6,HEALTHY,99.8,Low,SEED
2026-06-03 19:01:40,SEED-910,H,295.6,311.94,1339.5,68.27,230.8,FAULTY,98.7,High,SEED
2026-06-03 19:11:40,SEED-911,L,297.9,309.68,1177.3,75.93,211.0,FAULTY,99.8,High,SEED
2026-06-03 19:21:40,SEED-912,M,301.76,308.42,1545.6,32.53,82.5,HEALTHY,100.0,Low,SEED
2026-06-03 19:31:40,SEED-913,M,295.22,313.42,1293.2,69.26,224.6,FAULTY,98.0,High,SEED
2026-06-03 19:41:40,SEED-914,H,301.44,308.24,1898.6,29.07,54.0,HEALTHY,100.0,Low,SEED
2026-06-03 19:51:40,SEED-915,H,301.36,309.23,1218.1,52.88,161.0,FAULTY,99.8,Medium,SEED
2026-06-03 20:01:40,SEED-916,M,298.52,310.46,2092.1,37.35,88.2,HEALTHY,99.9,Low,SEED
2026-06-03 20:11:40,SEED-917,M,298.05,310.55,2198.0,35.53,18.3,HEALTHY,99.9,Low,SEED
2026-06-03 20:21:40,SEED-918,H,301.87,310.95,2172.4,24.56,28.1,HEALTHY,99.9,Low,SEED
2026-06-03 20:31:40,SEED-919,H,296.41,314.58,1360.2,62.46,218.9,FAULTY,97.8,High,SEED
2026-06-03 20:41:40,SEED-920,M,301.06,311.65,1543.4,43.21,70.4,HEALTHY,100.0,Low,SEED
2026-06-03 20:51:40,SEED-921,L,300.84,310.99,1212.8,52.95,180.4,HEALTHY,79.6,Medium,SEED
2026-06-03 21:01:40,SEED-922,L,300.67,311.46,1558.3,51.69,124.1,HEALTHY,84.2,Medium,SEED
2026-06-03 21:11:40,SEED-923,L,299.78,308.01,1859.3,39.98,7.0,HEALTHY,100.0,Low,SEED
2026-06-03 21:21:40,SEED-924,H,299.91,310.65,1533.3,54.59,159.3,FAULTY,80.4,Medium,SEED
2026-06-03 21:31:40,SEED-925,M,297.25,310.83,1259.3,68.44,229.7,FAULTY,99.2,High,SEED
2026-06-03 21:41:40,SEED-926,H,299.4,308.57,1668.0,26.29,63.3,HEALTHY,99.9,Low,SEED
2026-06-03 21:51:40,SEED-927,L,298.36,310.22,1462.5,42.58,77.3,HEALTHY,99.9,Low,SEED
2026-06-03 22:01:40,SEED-928,L,299.86,312.55,1585.4,48.99,124.8,HEALTHY,100.0,Medium,SEED
2026-06-03 22:11:40,SEED-929,H,301.95,310.04,1557.4,27.41,40.7,HEALTHY,99.9,Low,SEED
2026-06-03 22:21:40,SEED-930,L,301.21,311.52,2058.1,33.56,63.9,HEALTHY,99.9,Low,SEED
2026-06-03 22:31:40,SEED-931,L,299.13,311.59,1384.5,55.17,114.1,HEALTHY,99.6,Medium,SEED
2026-06-03 22:41:40,SEED-932,H,299.18,311.78,2134.9,43.86,34.8,HEALTHY,84.7,Low,SEED
2026-06-03 22:51:40,SEED-933,L,300.44,310.87,1481.1,38.28,57.6,HEALTHY,98.8,Low,SEED
2026-06-03 23:01:40,SEED-934,L,298.39,310.89,2000.8,22.65,58.6,HEALTHY,99.9,Low,SEED
2026-06-03 23:11:40,SEED-935,L,300.44,309.35,1500.2,41.6,32.0,HEALTHY,99.8,Low,SEED
2026-06-03 23:21:40,SEED-936,H,298.37,310.3,1850.3,27.57,44.1,HEALTHY,99.9,Low,SEED
2026-06-03 23:31:40,SEED-937,M,296.26,312.47,1272.2,61.57,214.6,FAULTY,71.8,High,SEED
2026-06-03 23:41:40,SEED-938,L,298.67,311.48,2108.6,38.85,33.4,HEALTHY,99.6,Low,SEED
2026-06-03 23:51:40,SEED-939,L,296.36,315.37,1210.2,60.32,231.7,FAULTY,99.6,High,SEED
2026-06-04 00:01:40,SEED-940,L,301.98,310.11,1601.6,33.51,2.7,HEALTHY,99.9,Low,SEED
2026-06-04 00:11:40,SEED-941,H,300.13,311.13,1350.8,46.23,133.2,HEALTHY,98.6,Medium,SEED
2026-06-04 00:21:40,SEED-942,M,298.72,309.02,1417.4,33.99,66.9,HEALTHY,99.8,Low,SEED
2026-06-04 00:31:40,SEED-943,L,299.7,310.7,1575.1,26.2,4.3,HEALTHY,100.0,Low,SEED
2026-06-04 00:41:40,SEED-944,L,301.11,309.38,2074.4,40.74,58.7,HEALTHY,99.7,Low,SEED
2026-06-04 00:51:40,SEED-945,M,297.39,309.66,1390.7,72.56,201.4,FAULTY,94.4,High,SEED
2026-06-04 01:01:40,SEED-946,M,298.4,308.17,1452.9,38.09,87.0,HEALTHY,99.9,Low,SEED
2026-06-04 01:11:40,SEED-947,L,301.48,310.79,1469.7,44.94,10.0,HEALTHY,99.3,Low,SEED
2026-06-04 01:21:40,SEED-948,L,300.59,311.67,1785.3,28.91,49.3,HEALTHY,99.8,Low,SEED
2026-06-04 01:31:40,SEED-949,M,297.89,308.23,1240.5,69.59,224.0,FAULTY,99.5,High,SEED
2026-06-04 01:41:40,SEED-950,L,300.58,311.29,1820.0,42.87,81.8,HEALTHY,99.6,Low,SEED
2026-06-04 01:51:40,SEED-951,L,300.59,310.06,2013.5,40.62,77.3,HEALTHY,98.6,Low,SEED
2026-06-04 02:01:40,SEED-952,M,300.04,312.41,1220.6,49.63,135.5,HEALTHY,100.0,Medium,SEED
2026-06-04 02:11:40,SEED-953,M,299.49,310.03,2021.6,24.79,49.6,HEALTHY,99.8,Low,SEED
2026-06-04 02:21:40,SEED-954,M,299.08,309.89,1437.9,33.48,92.7,HEALTHY,99.7,Low,SEED
2026-06-04 02:31:40,SEED-955,M,298.38,308.23,1798.3,25.58,11.1,HEALTHY,100.0,Low,SEED
2026-06-04 02:41:40,SEED-956,L,301.33,313.41,1554.5,51.06,137.2,HEALTHY,99.8,Medium,SEED
2026-06-04 02:51:40,SEED-957,H,299.14,311.16,1657.8,41.65,12.4,HEALTHY,100.0,Low,SEED
2026-06-04 03:01:40,SEED-958,H,299.52,309.12,1263.3,50.42,199.5,HEALTHY,75.2,Medium,SEED
2026-06-04 03:11:40,SEED-959,H,296.67,310.2,1393.0,60.69,224.4,FAULTY,94.5,High,SEED
2026-06-04 03:21:40,SEED-960,L,301.16,310.56,2006.3,38.69,54.2,HEALTHY,99.7,Low,SEED
2026-06-04 03:31:40,SEED-961,M,301.32,311.04,1483.5,53.77,141.5,HEALTHY,94.1,Medium,SEED
2026-06-04 03:41:40,SEED-962,M,300.37,309.59,1473.8,46.2,148.0,HEALTHY,99.4,Medium,SEED
2026-06-04 03:51:40,SEED-963,L,300.12,308.35,1413.6,40.22,63.3,HEALTHY,99.9,Low,SEED
2026-06-04 04:01:40,SEED-964,L,301.0,311.27,1841.0,30.95,33.3,HEALTHY,99.9,Low,SEED
2026-06-04 04:11:40,SEED-965,L,298.47,309.24,1660.0,36.73,11.3,HEALTHY,99.9,Low,SEED
2026-06-04 04:21:40,SEED-966,L,301.5,310.52,1468.6,46.13,107.3,HEALTHY,98.8,Medium,SEED
2026-06-04 04:31:40,SEED-967,L,299.95,311.48,2010.8,38.85,49.8,HEALTHY,99.9,Low,SEED
2026-06-04 04:41:40,SEED-968,H,302.41,309.23,1512.0,52.42,116.8,HEALTHY,99.2,Medium,SEED
2026-06-04 04:51:40,SEED-969,M,298.23,310.27,2130.1,23.42,59.0,HEALTHY,99.9,Low,SEED
2026-06-04 05:01:40,SEED-970,H,299.23,312.53,1478.1,57.27,119.8,HEALTHY,89.8,Medium,SEED
2026-06-04 05:11:40,SEED-971,L,298.28,311.61,2072.9,43.48,96.7,HEALTHY,81.1,Low,SEED
2026-06-04 05:21:40,SEED-972,L,300.98,310.31,1479.8,47.05,161.0,HEALTHY,74.1,Medium,SEED
2026-06-04 05:31:40,SEED-973,H,300.7,313.05,1240.6,56.77,154.0,HEALTHY,100.0,Medium,SEED
2026-06-04 05:41:40,SEED-974,M,300.77,309.67,2096.8,25.13,77.6,HEALTHY,100.0,Low,SEED
2026-06-04 05:51:40,SEED-975,L,298.1,311.18,1649.1,37.33,66.1,HEALTHY,100.0,Low,SEED
2026-06-04 06:01:40,SEED-976,L,299.04,310.41,1520.4,31.52,76.7,HEALTHY,99.9,Low,SEED
2026-06-04 06:11:40,SEED-977,M,301.55,311.74,2170.7,36.76,30.0,HEALTHY,100.0,Low,SEED
2026-06-04 06:21:40,SEED-978,M,300.11,309.35,2140.9,22.4,18.3,HEALTHY,99.9,Low,SEED
2026-06-04 06:31:40,SEED-979,H,298.61,310.59,1519.4,26.22,86.9,HEALTHY,99.9,Low,SEED
2026-06-04 06:41:40,SEED-980,H,299.47,310.11,1943.6,44.33,96.3,HEALTHY,86.6,Low,SEED
2026-06-04 06:51:40,SEED-981,L,298.8,310.91,1952.8,35.45,92.8,HEALTHY,100.0,Low,SEED
2026-06-04 07:01:40,SEED-982,M,299.65,311.63,1444.5,48.16,132.9,HEALTHY,99.9,Medium,SEED
2026-06-04 07:11:40,SEED-983,H,297.56,312.02,1395.6,76.86,229.8,FAULTY,99.4,High,SEED
2026-06-04 07:21:40,SEED-984,L,298.35,311.16,1523.2,31.39,1.4,HEALTHY,100.0,Low,SEED
2026-06-04 07:31:40,SEED-985,H,299.35,308.48,1616.0,31.84,15.3,HEALTHY,100.0,Low,SEED
2026-06-04 07:41:40,SEED-986,H,299.29,311.65,2169.7,30.3,51.1,HEALTHY,100.0,Low,SEED
2026-06-04 07:51:40,SEED-987,L,300.52,310.66,1945.3,41.82,89.9,HEALTHY,99.5,Low,SEED
2026-06-04 08:01:40,SEED-988,H,302.4,313.08,1461.6,57.83,116.9,HEALTHY,70.3,Medium,SEED
2026-06-04 08:11:40,SEED-989,L,296.96,308.87,1301.6,72.92,210.8,FAULTY,99.8,High,SEED
2026-06-04 08:21:40,SEED-990,L,299.36,312.96,1246.6,51.1,174.5,HEALTHY,100.0,Medium,SEED
2026-06-04 08:31:40,SEED-991,H,301.3,310.87,2179.4,37.4,4.0,HEALTHY,99.6,Low,SEED
2026-06-04 08:41:40,SEED-992,H,297.9,315.7,1384.7,68.1,210.2,FAULTY,98.7,High,SEED
2026-06-04 08:51:40,SEED-993,H,298.2,308.54,2142.0,34.23,17.3,HEALTHY,100.0,Low,SEED
2026-06-04 09:01:40,SEED-994,L,299.63,311.75,2033.5,29.32,80.6,HEALTHY,100.0,Low,SEED
2026-06-04 09:11:40,SEED-995,M,298.19,309.27,1935.1,24.71,41.3,HEALTHY,99.0,Low,SEED
2026-06-04 09:21:40,SEED-996,L,300.29,308.72,1815.9,35.89,92.0,HEALTHY,100.0,Low,SEED
2026-06-04 09:31:40,SEED-997,M,299.93,313.95,1301.0,57.0,103.3,HEALTHY,100.0,Medium,SEED
2026-06-04 09:41:40,SEED-998,H,297.52,315.19,1386.1,75.85,220.0,FAULTY,98.8,High,SEED
2026-06-04 09:51:40,SEED-999,H,299.87,309.47,1520.4,40.97,83.6,HEALTHY,99.9,Low,SEED
2026-06-04 11:27:32,AUTO-MTR,L,295.91,307.32,2645.2,12.33,110.3,HEALTHY,100.0,Low,AUTO
2026-06-04 11:29:32,AUTO-MTR,L,298.74,308.23,2518.2,11.5,59.0,HEALTHY,100.0,Low,AUTO
2026-06-04 11:31:32,AUTO-MTR,H,296.26,306.45,2746.4,18.42,73.0,HEALTHY,100.0,Low,AUTO
2026-06-04 11:33:33,AUTO-MTR,M,298.49,306.75,2833.1,25.46,113.4,HEALTHY,100.0,Low,AUTO
2026-06-04 11:35:33,AUTO-MTR,M,302.38,313.32,1482.5,61.45,251.9,FAULTY,99.9,High,AUTO
2026-06-04 11:37:33,AUTO-MTR,L,298.42,308.7,2033.0,22.3,131.2,HEALTHY,99.9,Low,AUTO
2026-06-04 11:39:34,AUTO-MTR,H,302.14,312.87,1221.0,75.95,232.1,FAULTY,99.9,High,AUTO
2026-06-04 11:41:34,AUTO-MTR,L,298.71,308.21,2738.2,34.68,52.5,HEALTHY,91.0,Low,AUTO
2026-06-04 11:43:35,AUTO-MTR,M,296.83,307.42,2560.9,37.84,35.8,HEALTHY,90.1,Low,AUTO
2026-06-04 11:45:35,AUTO-MTR,M,297.22,306.4,1805.0,22.22,53.0,HEALTHY,100.0,Low,AUTO
2026-06-04 11:47:36,AUTO-MTR,M,299.5,306.45,2609.4,9.01,148.8,HEALTHY,100.0,Low,AUTO
2026-06-04 11:49:36,AUTO-MTR,H,300.84,312.91,1399.7,74.33,223.1,FAULTY,99.2,High,AUTO
2026-06-04 12:53:48,AUTO-MTR,M,298.91,308.08,2544.0,34.95,68.5,HEALTHY,88.8,Low,AUTO
2026-06-04 12:55:49,AUTO-MTR,L,299.03,307.68,2131.1,32.55,110.3,HEALTHY,100.0,Low,AUTO
2026-06-04 12:57:54,AUTO-MTR,L,299.23,305.77,2020.1,22.8,91.7,HEALTHY,100.0,Low,AUTO
2026-06-04 22:29:40,AUTO-MTR,L,302.41,312.96,1491.2,71.43,245.5,FAULTY,100.0,High,AUTO
2026-06-04 22:31:41,AUTO-MTR,L,296.73,309.25,1844.8,23.07,57.8,HEALTHY,99.9,Low,AUTO
2026-06-04 22:33:42,AUTO-MTR,M,298.33,306.65,2276.6,30.77,89.5,HEALTHY,100.0,Low,AUTO
2026-06-04 22:35:42,AUTO-MTR,H,302.7,312.71,1376.3,69.57,240.4,FAULTY,99.9,High,AUTO
2026-06-04 22:37:42,AUTO-MTR,L,298.86,307.17,2204.8,5.45,94.4,HEALTHY,100.0,Low,AUTO
2026-06-04 22:39:43,AUTO-MTR,M,295.15,305.55,2870.3,4.63,112.1,HEALTHY,100.0,Low,AUTO
2026-06-04 22:41:43,AUTO-MTR,H,296.03,306.35,2218.5,7.13,127.5,HEALTHY,100.0,Low,AUTO
2026-06-04 22:43:44,AUTO-MTR,L,300.54,314.57,1233.7,73.37,244.1,FAULTY,99.9,High,AUTO
2026-06-04 22:45:44,AUTO-MTR,M,297.4,308.95,2362.7,23.41,22.9,HEALTHY,100.0,Low,AUTO
2026-06-04 22:47:45,AUTO-MTR,L,296.48,309.75,2843.1,14.62,12.6,HEALTHY,100.0,Low,AUTO
2026-06-04 22:49:45,AUTO-MTR,H,298.47,309.79,2873.9,35.02,106.1,HEALTHY,62.5,Medium,AUTO
2026-06-04 22:51:45,AUTO-MTR,H,298.22,307.05,2370.2,23.32,119.1,HEALTHY,100.0,Low,AUTO
2026-06-04 22:53:46,AUTO-MTR,M,301.31,315.24,1459.2,62.28,252.6,FAULTY,99.9,High,AUTO
2026-06-04 22:55:47,AUTO-MTR,L,302.75,313.11,1226.4,62.16,210.1,FAULTY,100.0,High,AUTO
2026-06-04 22:57:47,AUTO-MTR,H,303.43,312.36,1206.4,67.19,211.3,FAULTY,99.0,High,AUTO
2026-06-04 22:59:47,AUTO-MTR,L,296.63,306.07,2198.4,14.08,29.8,HEALTHY,100.0,Low,AUTO
2026-06-04 23:01:48,AUTO-MTR,L,298.08,307.67,2110.5,13.86,108.9,HEALTHY,99.9,Low,AUTO
2026-06-04 23:03:49,AUTO-MTR,M,296.3,309.64,2428.3,35.67,124.8,HEALTHY,88.1,Low,AUTO
2026-06-04 23:05:49,AUTO-MTR,H,295.28,306.07,2276.3,27.13,51.1,HEALTHY,99.9,Low,AUTO
2026-06-04 23:07:50,AUTO-MTR,L,297.95,309.71,1953.7,30.47,114.9,HEALTHY,100.0,Low,AUTO
2026-06-04 23:09:50,AUTO-MTR,L,296.36,308.2,2115.5,12.68,63.3,HEALTHY,100.0,Low,AUTO
2026-06-04 23:11:51,AUTO-MTR,M,295.01,305.8,2118.7,35.22,56.8,HEALTHY,100.0,Low,AUTO
2026-06-04 23:13:52,AUTO-MTR,L,300.54,315.1,1405.7,73.28,214.7,FAULTY,99.9,High,AUTO
2026-06-04 23:15:52,AUTO-MTR,L,296.24,306.47,2531.3,14.87,66.6,HEALTHY,100.0,Low,AUTO
2026-06-04 23:17:53,AUTO-MTR,L,296.27,305.12,1897.6,26.14,49.7,HEALTHY,100.0,Low,AUTO
2026-06-04 23:19:53,AUTO-MTR,M,302.9,314.93,1485.9,66.12,202.0,FAULTY,99.0,High,AUTO
2026-06-04 23:21:53,AUTO-MTR,H,297.73,306.44,2633.9,20.07,103.3,HEALTHY,100.0,Low,AUTO
2026-06-04 23:23:54,AUTO-MTR,L,297.28,308.16,2355.1,16.73,125.4,HEALTHY,99.8,Low,AUTO
2026-06-04 23:25:55,AUTO-MTR,M,296.09,306.88,2124.3,15.6,74.3,HEALTHY,100.0,Low,AUTO
2026-06-04 23:27:56,AUTO-MTR,H,295.93,306.4,2137.3,5.48,99.3,HEALTHY,100.0,Low,AUTO
2026-06-04 23:29:57,AUTO-MTR,M,296.11,305.87,2752.2,8.01,77.2,HEALTHY,100.0,Low,AUTO
2026-06-04 23:31:57,AUTO-MTR,L,296.15,309.31,1809.2,22.02,10.5,HEALTHY,100.0,Low,AUTO
2026-06-04 23:33:58,AUTO-MTR,L,301.2,313.17,1197.2,70.13,209.4,FAULTY,99.2,High,AUTO
2026-06-04 23:35:58,AUTO-MTR,M,299.07,308.28,1955.3,12.04,16.8,HEALTHY,100.0,Low,AUTO
2026-06-04 23:37:59,AUTO-MTR,H,297.07,306.29,2666.0,9.35,14.7,HEALTHY,100.0,Low,AUTO
2026-06-04 23:39:59,AUTO-MTR,L,297.28,306.43,1824.3,32.6,121.7,HEALTHY,100.0,Low,AUTO
2026-06-04 23:42:00,AUTO-MTR,L,302.01,314.44,1461.3,75.72,214.1,FAULTY,99.9,High,AUTO
2026-06-05 10:51:37,AUTO-MTR,H,300.08,314.36,1470.2,64.35,224.7,FAULTY,99.6,High,AUTO
2026-06-05 10:53:37,AUTO-MTR,M,296.48,305.42,2857.4,5.88,62.8,HEALTHY,100.0,Low,AUTO
2026-06-05 10:55:38,AUTO-MTR,M,296.25,307.71,2804.3,23.64,66.2,HEALTHY,100.0,Low,AUTO
2026-06-05 10:57:41,AUTO-MTR,L,300.74,314.98,1477.8,62.25,218.6,FAULTY,100.0,High,AUTO
2026-06-05 10:59:42,AUTO-MTR,H,297.02,309.64,2339.5,11.17,102.6,HEALTHY,99.9,Low,AUTO
2026-06-05 11:01:43,AUTO-MTR,M,302.43,312.7,1329.6,74.98,229.4,FAULTY,99.5,High,AUTO
2026-06-05 11:03:43,AUTO-MTR,M,300.05,313.63,1238.7,60.19,209.4,FAULTY,79.3,High,AUTO
2026-06-05 11:05:44,AUTO-MTR,M,299.22,308.95,2130.6,29.24,56.0,HEALTHY,100.0,Low,AUTO
2026-06-05 11:07:44,AUTO-MTR,L,300.9,312.99,1396.2,69.67,243.3,FAULTY,100.0,High,AUTO
2026-06-05 11:09:45,AUTO-MTR,H,297.88,307.21,2334.0,10.64,1.6,HEALTHY,100.0,Low,AUTO
2026-06-05 11:11:46,AUTO-MTR,M,295.15,307.61,1895.2,15.13,11.4,HEALTHY,100.0,Low,AUTO
2026-06-05 11:13:47,AUTO-MTR,L,296.09,309.34,2366.5,22.49,38.6,HEALTHY,100.0,Low,AUTO
2026-06-05 11:15:47,AUTO-MTR,M,299.74,308.74,1984.0,26.5,0.8,HEALTHY,100.0,Low,AUTO
2026-06-05 11:17:48,AUTO-MTR,H,301.4,313.19,1443.8,66.55,220.3,FAULTY,98.6,High,AUTO
2026-06-05 11:19:49,AUTO-MTR,L,299.96,306.89,2288.9,32.24,27.5,HEALTHY,100.0,Low,AUTO
2026-06-05 11:21:49,AUTO-MTR,H,302.51,312.68,1231.0,67.37,252.4,FAULTY,98.9,High,AUTO
2026-06-05 12:19:12,AUTO-MTR,H,301.3,314.91,1432.7,68.9,221.3,FAULTY,98.6,High,AUTO
2026-06-05 12:59:17,AUTO-MTR,L,295.2,307.58,2591.3,29.58,130.9,HEALTHY,100.0,Low,AUTO
2026-06-05 13:01:17,AUTO-MTR,H,296.84,307.53,2365.1,29.88,88.2,HEALTHY,100.0,Low,AUTO
2026-06-05 13:03:18,AUTO-MTR,M,301.03,313.14,1379.5,75.13,211.5,FAULTY,97.7,High,AUTO
2026-06-05 13:05:18,AUTO-MTR,L,297.42,308.35,2832.9,10.06,41.9,HEALTHY,100.0,Low,AUTO
2026-06-05 13:07:18,AUTO-MTR,H,296.45,308.54,2653.8,16.65,145.1,HEALTHY,99.9,Low,AUTO
2026-06-05 13:09:19,AUTO-MTR,L,302.74,312.79,1482.4,69.96,217.7,FAULTY,100.0,High,AUTO
2026-06-05 13:11:19,AUTO-MTR,M,303.79,315.45,1194.9,67.98,205.3,FAULTY,91.0,High,AUTO
2026-06-05 13:13:19,AUTO-MTR,M,295.03,309.5,2046.3,8.51,37.6,HEALTHY,100.0,Low,AUTO
2026-06-05 13:15:20,AUTO-MTR,M,301.46,314.57,1398.6,73.82,243.9,FAULTY,99.3,High,AUTO
2026-06-05 13:17:20,AUTO-MTR,L,296.76,306.41,2549.5,14.0,146.4,HEALTHY,99.9,Low,AUTO
2026-06-05 13:19:21,AUTO-MTR,M,303.32,315.47,1465.7,63.37,249.6,FAULTY,99.9,High,AUTO
2026-06-05 13:21:21,AUTO-MTR,L,298.62,308.78,2394.2,21.58,118.5,HEALTHY,100.0,Low,AUTO
2026-06-05 13:23:22,AUTO-MTR,M,302.07,312.58,1477.1,63.02,238.0,FAULTY,99.9,High,AUTO
2026-06-05 14:55:34,AUTO-MTR,L,303.17,314.59,1343.3,64.6,204.8,FAULTY,99.8,High,AUTO
2026-06-05 15:26:00,AUTO-MTR,H,298.51,308.27,1802.2,4.07,95.8,HEALTHY,100.0,Low,AUTO
2026-06-05 15:34:25,AUTO-MTR,M,295.22,306.95,2475.6,10.46,125.1,HEALTHY,100.0,Low,AUTO
2026-06-05 15:36:27,AUTO-MTR,L,301.99,315.43,1485.1,72.23,233.5,FAULTY,100.0,High,AUTO
2026-06-05 15:38:27,AUTO-MTR,M,299.29,309.77,2469.1,31.19,122.4,HEALTHY,99.9,Low,AUTO
2026-06-05 15:40:28,AUTO-MTR,L,302.8,312.39,1386.7,68.36,244.2,FAULTY,100.0,High,AUTO
2026-06-05 15:42:29,AUTO-MTR,H,298.12,305.19,2798.0,9.69,133.3,HEALTHY,100.0,Low,AUTO
2026-06-05 15:44:29,AUTO-MTR,M,302.11,313.58,1214.4,67.7,202.5,FAULTY,86.8,High,AUTO
2026-06-05 15:46:30,AUTO-MTR,M,295.03,307.53,1986.4,23.66,51.5,HEALTHY,100.0,Low,AUTO
2026-06-05 15:48:30,AUTO-MTR,L,299.72,305.42,1957.5,7.26,141.0,HEALTHY,100.0,Low,AUTO
2026-06-05 15:52:21,AUTO-MTR,H,300.86,313.8,1472.8,74.59,204.7,FAULTY,97.1,High,AUTO
2026-06-05 16:03:00,AUTO-MTR,L,297.25,308.8,2537.2,29.84,76.9,HEALTHY,99.9,Low,AUTO
2026-06-05 16:05:00,AUTO-MTR,M,299.33,307.58,2696.4,7.38,75.5,HEALTHY,100.0,Low,AUTO
2026-06-05 16:07:01,AUTO-MTR,M,297.74,308.07,2612.2,37.86,131.0,HEALTHY,67.0,Medium,AUTO
2026-06-05 16:09:02,AUTO-MTR,M,297.02,307.92,2716.6,19.44,115.1,HEALTHY,100.0,Low,AUTO
2026-06-05 16:11:03,AUTO-MTR,L,297.13,309.57,2513.9,23.93,58.6,HEALTHY,99.9,Low,AUTO
2026-06-05 16:13:03,AUTO-MTR,L,303.87,314.64,1429.6,62.51,240.4,FAULTY,100.0,High,AUTO
2026-06-05 16:15:04,AUTO-MTR,L,303.95,314.24,1198.9,68.82,202.1,FAULTY,99.8,High,AUTO
2026-06-05 20:43:21,AUTO-MTR,H,301.4,314.88,1407.4,71.23,229.3,FAULTY,99.5,High,AUTO
2026-06-05 21:13:34,AUTO-MTR,L,296.95,308.36,1815.4,25.43,122.9,HEALTHY,100.0,Low,AUTO
2026-06-05 21:15:35,AUTO-MTR,M,301.34,313.38,1310.0,65.37,216.1,FAULTY,91.1,High,AUTO
2026-06-05 21:17:35,AUTO-MTR,H,295.55,305.31,2716.8,37.99,103.6,HEALTHY,89.4,Low,AUTO
2026-06-06 11:24:15,AUTO-MTR,M,300.87,312.23,1258.8,62.89,206.5,FAULTY,80.6,High,AUTO
2026-06-06 11:26:15,AUTO-MTR,L,297.53,309.66,2483.8,20.62,125.0,HEALTHY,99.9,Low,AUTO
2026-06-06 11:32:30,AUTO-MTR,M,296.1,308.08,2471.2,22.47,72.4,HEALTHY,100.0,Low,AUTO
2026-06-06 11:34:31,AUTO-MTR,L,299.95,307.26,1879.7,35.73,141.9,HEALTHY,100.0,Low,AUTO
2026-06-06 11:36:31,AUTO-MTR,H,300.18,315.27,1403.2,65.48,245.1,FAULTY,99.4,High,AUTO
2026-06-06 11:38:32,AUTO-MTR,M,295.07,305.77,2215.4,16.28,65.9,HEALTHY,100.0,Low,AUTO
2026-06-06 11:40:32,AUTO-MTR,H,299.29,305.88,2713.9,8.83,23.1,HEALTHY,100.0,Low,AUTO
2026-06-06 11:42:32,AUTO-MTR,L,295.49,309.04,2108.4,5.63,133.3,HEALTHY,100.0,Low,AUTO
2026-06-06 11:44:33,AUTO-MTR,H,297.8,305.99,2529.3,20.43,128.9,HEALTHY,100.0,Low,AUTO
2026-06-06 11:46:33,AUTO-MTR,L,303.17,312.13,1336.9,70.91,220.8,FAULTY,100.0,High,AUTO
2026-06-06 11:48:34,AUTO-MTR,L,299.46,309.15,2100.2,4.74,92.4,HEALTHY,100.0,Low,AUTO
2026-06-07 11:42:49,AUTO-MTR,M,297.27,305.33,2166.3,4.58,13.4,HEALTHY,100.0,Low,AUTO
2026-06-07 11:44:49,AUTO-MTR,H,299.93,307.86,2381.0,20.99,140.9,HEALTHY,100.0,Low,AUTO
2026-06-07 11:46:50,AUTO-MTR,L,298.35,308.99,2108.8,23.32,18.2,HEALTHY,100.0,Low,AUTO
2026-06-07 11:48:50,AUTO-MTR,M,302.54,314.89,1275.3,73.18,210.1,FAULTY,97.7,High,AUTO
2026-06-07 11:50:50,AUTO-MTR,H,299.06,308.38,2362.1,25.61,62.6,HEALTHY,100.0,Low,AUTO
2026-06-07 11:52:51,AUTO-MTR,H,298.34,309.57,2098.4,33.72,73.0,HEALTHY,99.5,Low,AUTO
2026-06-07 11:54:51,AUTO-MTR,H,295.12,305.34,2463.0,29.68,50.7,HEALTHY,100.0,Low,AUTO
2026-06-07 11:56:52,AUTO-MTR,L,298.79,309.72,2068.5,25.41,87.2,HEALTHY,98.8,Low,AUTO
